isbn13,title,sell px,offers,90d,stock,asr
9781842430064,Hand I Played: A Poker Memoir,15.29,1,0,82,3234231
9781843440239,Making Of A Poker Player,8.99,3,2,16,1327101
9781854441348,F. Ernest Jackson and His School,4.79,6,0,1101,5078915
9780091885694,Death: A User's Guide (User's Guides),4.82,2,0,5,3366945
9781864290103,"Pocketful of Stars, A",3.8,1,0,47,7589956
9780224076807,Insatiable: Competitive Eating & Big Fat American Dream,4.79,3,0,103,2856297
9789879338568,Love Never Ends,3.95,2,0,10,2000000
9780716021414,Cosmetic Watch: Lifting the Lid Off Cosmetic Ingre,4.79,2,0,38,3363572
9780856603495,How to Succeed at Assessment Centres,4.79,2,0,25,10112367
9780717131242,Complete Breast Book,5.29,3,0,1093,12484262
9780859697705,Feverfew (Sheldon Natural Remedies),4.8,1,0,93,6426167
9780006530381,I Am No Longer Myself Without You: How Men Love Wo,5.3,2,1,58,1679411
9780752864938,You Are Here,4.48,8,3,1062,1039955
9780575603370,Feng Shui for Entertaining,3.49,4,0,30,10345366
9781600610691,For Boys Only / For Girls Only,3.29,3,0,1030,5586318
9780436205354,Triksta - Life & Death & New Orleans Rap,4.8,3,3,103,1450336
9780753812891,Ways of Hearing,3.99,4,0,106,3844521
9780006750598,When She Hollers,3.34,5,0,1134,2026119
9780316640770,Staffordshire Figures (Christie's Collectables),2.8,10,2,211,1540996
9780099470144,"Lovebites: A Cornucopia of Love, Desire and Sauce",2.7,5,0,1102,5801281
9781402206818,Do You Know Your Teen?: A Fun Quiz About Your Grea,4.8,1,0,100,4560411
9781599212227,PMS - Problems Men Started,6.58,3,0,1101,2000000
9780091896928,Family Dog: Celebrating Our Favourite Relative,2.81,10,0,49,3902581
9781842432747,Little Book Of Lonelyhearts,2.81,10,0,1116,7300342
9781854795601,The Little Book of Voodoo,4.8,3,1,1016,2183198
9781903938539,Bird in the Hand (Humour),4.79,5,0,1092,12377052
9781932857382,Scamorama,8.99,2,0,104,6217752
9780099440734,The Book of Colour,6.05,13,2,1128,1181093
9780413744807,Nobrow,7.19,1,2,105,883253
9780715312650,Emma Hunk's Country Painting Style: 20 Decorative,6.36,4,0,84,2657857
9781905745166,Confessions of a Showman,6.29,1,6,100,72713
9780753512647,How To Make Music In Your Bedroom,4.39,3,3,110,1320951
9781854440754,Eighteenth-century French Porcelain in the Ashmole,5.86,2,1,3,1507246
9781903047408,Hitchhiker's Guide: Pocket Essentials,3.59,6,0,181,2127069
9781844135448,Cover Versions: Singing Other People's Songs,2.81,6,1,1123,2463503
9780091885786,Clubland Confidential,8.79,3,2,104,899529
9780747593096,House Music - Oona King Diaries,5.44,14,6,1141,262786
9780752440286,Elizabeth Robins - Staging A Life,12.99,12,0,1187,2000000
9780571226474,Keystone: Life & Clowns of Mack Sennett,6.2,13,4,1322,266923
9781841612249,Odd Streak - No Intelligent Life Here. #2,4.8,2,3,101,513283
9780091899158,Travels With Macy (not USA),3.61,4,8,1067,198840
9780099521334,Dog Allusion,4.8,2,2,1036,282054
9781905411252,Carlisle United - On This Day,3.59,5,2,1127,121222
9780349112701,Le Foot - The Legends Of French Football,6.3,1,1,26,617848
9780006379775,Oatmeal Ark: From the Western Isles to a Promi,5.45,1,2,18,527128
9781840464184,Pendulum Years,11.23,2,4,106,584959
9780747596035,Red Azalea,6.24,12,10,1160,144776
9780747565581,Pain: the Science & Culture of Why We Hurt,8.2,3,2,101,1539636
9780753513521,Made In Brighton,1.99,4,3,145,1416353
9780752457055,Bats In The Larder - Memories of a 1970s Childhood By The Sea,5.8,8,3,1155,340355
9781847390059,Life On Mars - The Official Companion,5.99,6,4,111,492244
9781447209447,Caravans & Wedding Bands - Memories of a Romany Life,3.89,13,3,164,241961
9781847373687,FA Confidential,5.92,4,1,52,2946287
9780720611052,Window In The Corner - a Half-Century of Children's TV,6.32,10,3,275,869042
9780753821480,Voyageur,5.73,3,3,7,681960
9780810997035,"What To Wear, Where",3.79,2,3,101,603152
9780099481294,Unaccompanied Women,4.39,2,2,102,323930
9781861540508,Urgent Images - The Graphic Language Of The Fax,7.2,9,3,1090,617097
9781842433164,Utopia,3.6,14,2,1190,509532
9780571234790,Trickster Travels,7.26,20,4,52,670778
9780007181322,Sunshine On Putty,7,6,2,1220,166126
9780571196968,Planet Of The Blind,4.8,11,3,190,381479
9781841952079,Misadventures,8.09,1,1,200,1090471
9780752843803,Guardian Columns 1998-2000,7.19,1,5,46,771696
9781843440130,Fast Company,5.8,2,4,100,768395
9780007183166,Democracy Needs Aristocracy,8.92,5,3,1180,1074234
9780571250592,Afterglow Of Creation,4.99,15,10,126,187917
9781847672933,"For Richer, For Poorer",5.25,14,37,1154,15790
9780753522363,Future Babble,8.97,5,5,70,500447
9780007375226,God Species,4.99,11,7,227,593514
9781780910048,On The Run Around Manchester,7.93,3,0,108,484588
9780571272198,TV Go Home,6.6,2,11,105,114418
9780571278527,Death Of A Polaroid - A Manics Family Album,5.24,16,12,56,448957
9780752447513,Tom Cribb - The Life of the Black Diamond,12.9,3,2,104,146977
9781401910907,Psychic Healing (uk & europe only),7.79,3,1,101,1833625
9781909653146,Theory & Practice Of Gamesmanship,7.52,1,3,102,613581
9781848501430,Man Who Drove With His Eyes Closed (uk & europe only),7.68,5,1,1131,1095200
9780099551881,Shades Of Greene - One Generation Of An English Family,6.6,8,3,1032,524041
9781907532245,Steamy Sex,8.09,0,1,2,1967393
9789654941280,Biochemical Key,12.99,2,1,105,4119666
9781785310546,Death Of Rugby,6.49,16,5,163,354990
9780224100045,"O, Louis: In Search of Louis Van Gaal",6.11,12,5,112,179973
9781847250179,Jew Suss,40,5,4,1215,167444
9781908051394,In Sunshine Or In Shadow - Derek Dougan (Wolves),7.8,1,3,1098,320751
9780752421698,Roger Freestone - Another Day At The Office  (Newport / Chelsea / Swansea / Hereford),10.76,2,2,1101,607368
9781905326693,Glory Glory! Man Utd In The '90s: The Players' Stoires (Manchester United),6.97,8,6,75,524203
9781907637094,We're The Famous Man Utd: Old Trafford In The 80s- The Players's Stories    (Manchester),0,2,4,14,209535
9780099543084,Bullet Proof,4.99,5,2,2119,1064770
9780099569329,Don't Let The Bastards Grind You Down,5.8,8,5,1136,599027
9781908041326,Why Willows Weep: Contemporary Tales From The Woods,6.68,18,5,440,181410
9781446302583,Introduction To Wedding Photography,8.47,5,1,110,1284969
9781785312120,Real Roy Of The Rovers Stuff,6.25,19,12,1168,331262
9781844009824,Classic Voices In Food - The Gentle Art Of Cookery,8.8,9,5,131,359927
9780713684865,Jiu Jitsu For All - Brown Belt to Black Belt,6.78,4,3,109,869007
9781783521043,Ta-Ra-Ra Boom De-Ay: The Dodgy Business of Popular Music,8.09,4,4,112,326562
9780745332031,Complacency & Collusion: A Critical Introduction to Business & Financial Journalism,22.99,5,2,51,932052
9781842433058,Movie Movements,6.3,6,1,116,238382
9780750938297,Longest Journey - Sussex's Championship Triumph,6.2,13,2,233,1410695
9781909178441,Great English Final  (Blackpool / Bolton Wanderers),16.14,3,3,101,1155757
9781849543750,Odd Couple: The Curious Friendship Between Kingsley Amis & Philip Larkin,7.95,6,4,481,664037
9781905326891,And Still Ricky Villa   (Tottenham Hotspur),6.8,6,4,1115,612846
9780750945028,Feed The Goat (Manchester City) (Hardback),16.19,0,3,100,639445
9781471128547,"You Don't Know Me, But...A Footballer's Life",6.05,9,2,2105,261103
9781909178625,Real Jeeves   (Warwickshire),13.07,10,4,1228,356223
9781848502567,Right Time Baby,6,7,3,1114,268844
9781785310799,Penalty King  (Rangers),7.05,7,7,114,950062
9781452101415,Craft Inc.,6.46,4,2,10,1277040
9780224098274,Dreamstreets: A Journey Through Britain's Village Utopias,10,4,3,115,868063
9781907637575,Moz: My Story  (Leeds/Warrington/Bradford),7.97,5,8,120,363021
9781909178335,"Can't Sleep, Can't Train, Can't Stop: More Misadventures In Triathlon",5.05,12,5,1258,628162
9781909471535,Strictly Classified: Insights Into The Trainer's Mind,11.39,3,3,145,591972
9781849901246,Strictly Come Dancing 2011 - The Official Annual,11.69,1,3,1052,222400
9781849901550,Strictly Come Dancing 2012 - The Official Annual,13.94,3,5,1037,421493
9781782197584,Making God Laugh,4,10,2,139,1918026
9781785037177,Law Of The Playground,5.99,3,6,14,85624
9780276444012,Looking Back At Britain - 1970s: Flower Power To Union Power,11.79,3,2,106,413966
9780810996151,Saxophone Colossus: A Portrait of Sonny Rollins,8.68,4,6,112,491832
9780091926960,3 Commando Brigade,4.97,8,8,1012,269760
9780563522720,Gastronaut,5.79,3,1,95,1105943
9781842433201,Asian Horror,5.74,3,4,80,1424209
9780091778378,35MM Handbook,5.48,3,8,101,191120
9781782064626,Girls' Bicycle Handbook,5.79,6,3,109,649389
9781472901804,Team Handball 101,4.97,21,6,90,553500
9781845433765,Surfing Handbook,13.78,2,1,28,1861938
9780760351840,EAA Oshkosh: The Best Airventure Photography,8.85,5,1,106,1905649
9780752449043,Glamour In The Skies: The Golden Age of the Air Stewardess,9.39,7,3,214,695733
9780224100021,"Night Games: Sex, Power & A Journey Into The Dark Heart Of Sport",5.97,12,2,156,590433
9781844548941,Richard Dunwoody: Horses Of My Life  (Ireland),13.49,0,1,1083,1165472
9781906850692,Rock'n'Roll Soccer: The Short Life & Fast Times of the N.American Soccer League,6.63,11,2,267,1152086
9781905367108,Core Workout,8.83,6,5,1107,551233
9781905411603,Cricket On This Day,5.55,11,7,1379,248909
9780007527717,Dad You Suck,5.79,12,15,1697,416973
9781781801031,Daily Love: Growing Into Grace,5.3,17,5,1115,693624
9780826431394,De-Cluttered School,10.74,3,2,103,282487
9780552778008,Don't Sweat The Aubergine,8.18,9,6,1070,445369
9780745333540,Doomed By Hope - Essays On Arab Theatre,8.93,5,1,14,1813115
9780752441368,Edmund Gosse - A Literary Landscape,9.69,12,2,144,1468689
9781849547925,End Of Apartheid: Diary Of A Revolution,12.37,7,4,144,498655
9780571270095,Enough is Enough,5.73,9,3,340,651025
9780224092357,Federer & Me: A Story Of Obsession,8,3,4,3,664339
9780753519363,Fierce,9.21,8,4,1070,241719
9781909471580,Focused: My Life In Pictures,8.41,6,2,1115,502324
9780752449968,"German Schoolboy, British Commando",6.85,9,3,116,665211
9780715332023,Ghosts Caught On Film 2,6.2,3,3,82,889474
9780091912406,Girl With A One Track Mind,6.97,10,9,1130,441609
9781848318205,Girls Uninterrupted,5.79,17,7,1387,52313
9781781311622,Greasepaint & Cordite,5.97,6,5,94,505348
9780750928045,Greatest Storm: Britain's Night Of Destruction November,8.4,3,4,104,543521
9780571231157,Hallelujah Junction - Composing An American Life,7.99,12,3,1280,403991
9780811874458,Happy Home,14.43,4,2,1015,192959
9781905156849,Henry Cecil: Trainer Of Genius,6.2,12,5,171,90304
9780091903596,Home - 27 Knitted Designs For Living,6.7,7,3,71,631998
9781906502157,Hornchurch Offensive,7.1,2,4,108,994619
9781848505919,How I Said Bah! To Cancer,3.3,8,3,1133,771587
9781910498699,Hurricane Fly: The Ultimate Hurdler,6.41,4,3,8,465435
9780811874564,I Feel Relatively Neutral About New York,8.09,1,1,30,537717
9781446303375,I Love Cross Stitch: Alphabet Collection,4.25,10,2,1271,1331428
9780745332697,Islamic Utopia,7.1,5,1,1026,616337
9781785310492,It's Mick Not Mike  (Manchester United),8.97,3,4,101,775548
9780224075091,Jacobs Beach,6,5,8,1090,510300
9780752455129,James Fitzjames - The Mystery Man Of The Franklin Expedition,7.05,3,4,105,114423
9781445611464,Kilmarnock Fact Book  (Scotland),10.61,3,1,105,1578537
9781408114131,Know The Game - Pool,6.65,3,1,107,1157812
9780826430076,Left In The Past - Radicalism & The Politics of Nostalgia,22.99,12,3,1159,599554
9780752452524,Letters From An Airfield  (Suffolk),6.4,9,1,1160,1881386
9781841655413,Life In The 1970s,4.8,4,3,1103,534323
9781781801932,Life's Operating Manual,7.45,3,2,101,1309733
9780859653176,Lindsay Anderson: Never Apologise - The Collected Writings,7.63,9,4,174,1007667
9781785901423,Little Red Book Of Corbyn Jokes,5.69,22,9,1395,553124
9780099587026,Macauley: Britain's Liberal Imperialist,6.33,12,3,54,603005
9780745334950,Making Of An African Working Class,11.49,10,1,1143,636375
9781849544627,Meat Fix,8.09,3,3,98,775793
9780099538035,Narcomania - How Britain Got Hooked On Drugs,4.99,13,8,22,151500
9781857703405,Natural Kent,8.98,2,3,107,923266
9780593065778,No Expenses Spared,9.99,4,5,116,503472
9781848509610,No Storm Lasts Forever,5.69,2,2,102,381594
9781783520374,No.9 Bus To Utopia,5.95,18,5,608,596019
9781905411399,Oldham Athletic - Miscellany,6.25,11,2,1430,248615
9781445638614,Oldham Athletic: A Pictorial History,6,6,4,1151,481605
9781908051332,On This Day: Rangers,5.78,5,4,273,632608
9781849543330,Order! Order! : A Parliamentary Miscellany,7.05,2,2,103,516139
9780224098304,Other People's Countries: A Journey Into Memory,7.45,3,3,111,621416
9781859361573,Our Hunting Fathers: Field Sports in England After 1850,6.75,3,4,114,546012
9781401915643,"Past, Present & Future",4.29,7,3,355,1241067
9781849548144,Pitch Black: The Story of Black British Footballers,7.91,19,10,1413,245460
9781848502406,Positive Drinking,6.13,4,3,20,806183
9780713688092,Practical Printmaking,7.99,13,3,1123,401495
9781408105870,Practical Textiles Techniques,13.95,14,5,1127,647607
9781844552450,Practise & Pass Professional Verbal Reasoning Tests,5,12,6,1225,60088
9780091941833,Princess Matilda Comes Home,7.46,11,5,1073,396516
9780713663419,Printmaking Handbooks - Inks,10.95,7,3,131,202016
9780713673494,Printmaking Handbooks - Printmaking on a Budget,8.95,4,3,112,146881
9781504800129,Professional Results: Soft Furnishings,8.47,6,3,128,539518
9781849161732,Prometheans,8.14,15,3,1238,586580
9781909626362,Punk Football: The Rise of Fan Ownership In English Football,8.17,14,4,1161,301604
9781782434160,QEII We Love You: a Child's-Eye Celebration of Queen Elizabeth II,4.49,3,6,109,391055
9780863565281,"Raw Memory - Prijedor, Laboratory of Ethnic Cleansing",7.83,3,1,79,1679158
9781846040436,Realm Beyond,8.99,1,2,145,698511
9781905367597,Recognise Yourself: Beauty Despite Cancer,13.57,2,2,106,1031511
9781909626393,Red Letter Days  (Arsenal),7.05,2,3,102,631748
9780571251674,Red Tory,9.5,12,9,1086,219296
9780752435534,Renault F1 1977-1997. Beyond The Yellow Teapot,8.11,4,2,52,482160
9780906290811,Richard Cosway,7,7,2,161,483359
9780745329277,Ricin! The Inside Story Of The Terror Plot That Never Was,6.65,10,2,1114,1548024
9781907637513,Riis - Stages Of Light & Dark,9.86,15,3,1123,534558
9780857331786,Rivals: Newcastle United Vs Sunderland (Classic Tyne & Wear Derby Games),6.61,3,1,159,1166141
9780711224094,Rock Climbing In Scotland,6.8,4,1,106,1480809
9781906509293,Sarah Raphael,8.47,8,1,174,1387805
9781847941329,Second Curve: Thoughts On Reinventing Society,8.78,2,6,84,545422
9781781801789,Secret Female Hormone: How Testosterone Replacement Can Change Your Life,7,5,4,1062,299321
9780571190621,Secret Muses - The Life Of Frederick Ashton,15.21,5,2,1114,442959
9781848500181,Secret Pleasures Of Menopause  (uk & europe only),11.87,4,6,262,778034
9780571290321,Secrets Of The Conqueror,19.99,1,4,102,536820
9781785310119,Sex & Drugs & Rebel Tours: The England Cricket Team in the 80s,8.75,10,3,1253,531457
9780099533597,Smoking Ears & Screaming Teeth,7.55,6,2,1046,1365436
9780752449845,Soldiers Of The Queen,7.09,12,3,1242,504195
9780750963985,Springer Spaniels,6.73,10,2,1259,409915
9781845136628,Standing My Ground,12.7,2,2,102,267262
9781782436638,Star Trek: Redshirt's Little Book Of Doom,10.9,6,2,106,634373
9781408131343,Stitching Pictures,16.74,12,4,1121,615465
9780091954994,Stop Overeating,6.8,6,3,110,137346
9780980274288,Story Of The Fly And How It Could Save The World,8.99,0,4,100,533346
9781845465865,"Taste Of The South-East: Regional Recipes From Berks, Hants, Kent, Surrey & Sussex",7.99,3,0,106,26557
9781847922755,To Move The World: JFK's Quest For Peace,8.47,4,2,1163,527019
9780224083256,Twirlymen,10.8,4,14,1068,268081
9781847960368,Ugly: The Aesthetics of Everything,8.18,4,5,113,506705
9781901464320,Ultimate Scottish C2C Guide: Across Scotland By Bike,6.07,10,2,1250,570970
9781785310041,United In Europe  (Manchester United),6.81,7,4,143,212980
9780571251285,Unwinding: An Inner History of the New America,12.19,2,3,71,531105
9781848501157,Waist Disposal,5.52,6,3,1131,447926
9780752427287,Welsh Grand National,4.9,10,2,1101,387989
9781849543965,Who Goes Home? A Parliamentary Miscellany,11.45,10,2,332,499641
9780571239795,Woman Who Shot Mussolini,9,3,12,1013,72608
9781848504646,Work It Out!,4,5,3,1211,458925
9781848500945,Writing In The Sand  (uk & europe only),5.29,6,2,1099,528639
9781849547130,Xavier: A British Secret Agent With The French Resistance,5.79,2,13,104,372668
9781785310461,Building The Dynasty: Manchester United 1946-1958,14.92,7,2,155,751077
9781787130982,Tiny Histories: Trivial Events & Trifling Decisions That Changed British History,6.99,2,12,1243,269738
9781787130326,Of Cats & Men: Profiles of History's Great Cat-Loving Arrtists etc.,4.99,4,10,206,567065
9780099477471,1 Out Of 10,7.75,2,3,76,461154
9781787132535,First Knits,10.14,14,25,91,45196
9780091899202,King Nicholas and the Copeman Empire,6.49,5,2,90,1106783
9780224062367,From the Virgil Caverns (Cape Poetry S.),2.79,4,0,1118,6782907
9781853260421,King Richard II (Wordsworth Classics),3.15,6,0,161,5783992
9781899344222,Hackman Blues (Bloodlines),6.15,3,2,116,1262498
9781845880842,Three Diggers,5.54,12,0,1255,3652299
9781902894034,Cunning Of The Dove,3.7,4,3,119,717591
9780863151330,Prayers and Verses for Contemplation,3.44,3,0,152,3542417
9781904316008,Blitz (White Trilogy Papaerback),4.25,3,0,1082,2304355
9780753813829,Congress of Rough Riders,2.8,4,2,9,1629699
9780571214556,Good Child's Guide to Rock n Roll,2.78,6,1,53,2499668
9781845882105,Wood Leighton,3.45,11,0,1215,2089917
9780571225804,"Wall Of The Sky, The Wall Of The Eye",4.99,13,2,82,1754167
9781845880811,Two Old Men's Tales,5.54,11,0,1295,3985468
9780571237166,Twelve Twenty Three,2.81,6,0,106,6630538
9781845880835,Suburban Sketches,5.54,9,0,1143,6515606
9780571240555,Stage Directions - Writing On Theatre 1970-2008,4.7,10,0,303,2364806
9781845880415,Rise Of Silas Lapham,4.79,13,0,1155,10377733
9780571235704,Northline,4.74,10,0,1154,3401401
9781845881979,Mr Verdant Green,5,2,0,102,2009130
9780224081405,My Little Armalite,4.78,3,2,31,1999564
9780333903483,Love - poems,3.45,4,0,86,5011787
9781860460678,Leopard IV - Bearing Witness,4.78,4,0,1075,3462714
9780571218585,Invasion Handbook,2.8,12,1,1223,1866756
9781845881917,Elsie Venner - A Romance of Destiny,7.44,12,0,1258,7131145
9781845880491,Attache - Or Sam Slick In England,4.38,11,0,257,3966713
9780571215997,Life & Opinions Of Maf The Dog & Of his Friend Marilyn Monroe,3.87,12,2,1099,1065448
9781899344826,Double Take,4.38,5,0,1032,7387340
9780352341440,Nexus Confessions Volume 5,9.95,3,0,31,3140791
9780352341136,Nexus Confessions Volume 3,6.13,2,0,102,2000000
9780352345097,Nexus Confessions - Volume 6,6.88,3,1,73,1758673
9780352341037,Nexus Confessions - Volume 2,5.64,4,1,125,1940101
9780352341129,Island Of Dr Sade,19.42,4,0,83,4039666
9781841652757,Rule Britannia: An Anthology Of Patriotic Poems,3.67,3,1,102,2408578
9781903687963,Trojan Whores,4.9,3,0,106,4018557
9781897809679,Tales From The Lodge,3.99,4,0,110,3741142
9781408854150,From A Distance,4.4,9,5,1152,431637
9780861661671,Playwright,11.99,2,0,112,2367750
9780861661824,Unearthing,8.39,2,2,27,1502403
9780857209542,Sacred River,6.2,3,2,109,1398956
9780099598664,Roy Of The Rovers: The Official Autobiography,7.73,9,7,1202,472244
9780099594734,I Will Marry George Clooney (...By Christmas),5.8,2,3,102,676758
9780091953645,Ex-Communication,8.99,3,4,1103,446262
9781907761744,Partner Swap - 20 Swinging and Swapping Stories,6.2,3,0,61,2714157
9780099566076,Engagement,4.67,17,2,1161,820291
9780099572251,Back To Back,8.09,1,1,6,1962738
9781408809570,Chef,4.79,5,1,114,1688675
9780099559160,Closed Doors,4.39,8,3,1054,148178
9780091944933,Come Home,5.25,4,0,90,1977898
9780099502791,Convent,5.03,4,2,67,1183944
9780352341143,Cooking Up a Storm,5,2,2,102,1620122
9780352331854,Dangerous Consequences,4.8,4,1,95,2899145
9780330461238,Dark Film,3.34,16,2,1126,451846
9780571244546,Dark Spectre,7.19,1,4,18,271043
9781781166253,Dave Vs. The Monsters: Ascendance,5.59,13,3,1306,1236033
9781781166215,Dave Vs. The Monsters: Emergence,6.51,15,2,350,1254624
9781781166239,Dave Vs. The Monsters: Resistance,6.07,12,2,264,1297369
9780099572688,Devil Is White,5.86,7,1,1212,2014620
9781781852385,Donovan Creed 5 - Wish List,5.07,15,2,1119,1330780
9781781852347,Donovan Creed 3 - Saving Rachel,3.19,17,2,323,1546368
9781781852408,Donovan Creed 6 - A Girl Like You,4.79,6,1,234,1497200
9781781852422,Donovan Creed 7 - Vegas Moon,4.79,14,1,141,1699803
9781908262202,Elemental Fire,4.99,3,0,103,5087731
9780099553144,Empress,4.99,2,2,84,1052578
9780352341952,Enchanted,4.8,3,0,106,2066686
9780099515654,Ever Open Door,7.99,3,1,79,1088689
9781785650161,Fable: Blood Of Heroes,5.99,11,4,1251,278068
9781781165799,Fable: Edge Of The World,5.65,18,6,1180,133843
9781846590627,Fall Of The Imam,4.86,3,2,52,1112881
9780099415190,Final Duty,9.99,8,1,1083,1828872
9781907475030,First Confessions,7.78,2,0,102,3650144
9780861661848,From Hell Companion,8.14,22,13,1158,202189
9780571210398,George Herbert,3.86,9,3,391,1092204
9780486298528,Ghosts,2.8,14,2,110,1283788
9780352345042,Girlflesh Castle,9.61,9,2,70,1066723
9780099553687,Glovemaker,8.04,4,1,94,1043393
9780352345264,Going Too Far,7.19,2,1,43,360328
9780099591986,Golden Evening,8.09,1,3,100,1343144
9781907704796,Golemchik,1.5,14,2,1227,272809
9780413773210,Government Inspector,6.2,5,0,116,2479792
9780099564539,Gypsy Wedding,5.39,4,1,1161,1086198
9780091944919,Harem Midwife,5.25,4,5,1095,987919
9780224077934,Harper,3.49,4,2,1,960926
9780099591962,Harris's Requiem,4.39,3,3,1049,1147735
9780460878654,Heinrich Heine (Everyman's Poetry),4.8,1,3,23,1337827
9780091921149,Heroines,7.18,2,0,61,12353129
9780571234646,Holy Land,5.16,15,3,1437,1160990
9780352347831,Hotbed,5.4,13,4,235,614890
9781907704987,Hunter,4.74,17,2,1276,696394
9781785030031,I Just Stepped Out,6.13,4,3,114,615173
9780352341976,In Too Deep,4.39,3,2,82,632766
9780352341969,Indecent Pursuit,8.87,2,3,102,1095331
9781911445418,Intruders,6.14,8,0,112,1807652
9781847490544,Italian,4.39,6,0,207,2019742
9780486420479,John Dryden - Selected Poems,1.99,3,0,1036,5263373
9781904706656,Journey Into Slavery,6.29,1,0,100,5096971
9780099534549,Land Of Marvels,4.79,6,2,1052,875114
9780861661626,League Of Extraordinary Gentlemen: Century 1969,5.99,22,5,1158,432338
9780861661633,League Of Extraordinary Gentlemen: Century 2009,2,15,4,1192,416445
9780352341389,Longing For Toys,5.38,2,1,37,1900821
9780099502999,Love Against All Odds,4.03,5,4,57,59506
9780743478274,Lucifer's Dragon,8.99,3,2,1109,1498654
9780091926434,Lust & Longing: Erotic Tales from Madame B,4.2,2,0,48,8027365
9780091916466,Madame B's White Hot & Wild Whispers,2.8,4,2,100,2188810
9780352340405,Manslave,4.3,6,0,107,2908986
9781908086150,Meeting Her Match,7.1,3,1,1101,1806234
9780571268818,Mick Imlah: Selected Poems,4.64,14,4,1431,185709
9780571281855,Mill For Grinding Old People Young,5.39,10,3,1239,1041781
9780747524892,Mr. Ives' Christmas,6.75,2,0,51,2495267
9781905692088,Mutation,4.8,5,0,108,3623464
9780571239689,My Last Confession,7.62,3,0,63,2158689
9781906125837,Naughty Spanking 1 - 20 Erotic Stories,5.11,2,0,81,2553615
9780713673791,New Mermaids - The Recruiting Officer,9,16,0,1190,1612846
9780352345035,New Rakes,4.99,3,0,105,5887619
9780946162765,No Way Back,5.21,4,0,117,1730449
9781845883614,Nonsuch Classics - The Bivouac,5.49,5,0,27,3002350
9781852248949,Not In This World,3.99,14,0,457,1568495
9780352341938,Odalisque,5,4,2,291,1343285
9781849941334,Ode To Childhood: Poetry To Celebrate The Child,4.5,6,1,112,1890178
9781847673466,Personal Velocity,3.28,9,2,1141,92156
9781847771933,PLACE,6.05,4,2,98,1057904
9780571230709,Poet To Poet - Alexander Pope,4.79,12,3,1241,835089
9780571235483,Poet To Poet - Andrew Marvell,4.11,13,2,1526,1696736
9780571226795,Poet To Poet - Ben Jonson,3.56,16,3,1877,76174
9780571203833,Poet To Poet - Homer: War Music,4.79,10,4,1233,693763
9780571209811,Poet To Poet - Samuel Taylor Coleridge,3.99,12,3,1234,1222794
9780571230693,Poet To Poet - Thom Gunn,3.99,14,2,1340,580977
9780571236817,Poet To Poet: John Skelton,4.29,12,0,1291,20522214
9780571236800,Poet To Poet: Robert Herrick,5.69,13,3,1284,490606
9780571238040,Poet To Poet: Sir Walter Ralegh,5.23,3,1,169,1622645
9780352339973,Pride,7.19,1,0,74,5861500
9781848376151,Professor,3.99,2,0,576,1696064
9780099513650,Pursuit,9.99,4,2,1064,710109
9781911445272,Raffles: The Complete Innings,4.8,4,0,105,1675452
9781904265184,Red Razors,4.99,4,2,111,1111695
9780099504986,Reservoir Chronicle 10: Tsubasa,3.96,6,1,55,1983736
9780224090858,Robert Bringhurst - Selected Poems,8.24,5,3,1125,1011201
9781848456792,Rosie Coloured Glasses,4.54,8,1,111,2038698
9780571245864,Salati Case,4.8,15,4,1166,612658
9781845887292,Scarlet Ribbon,4.3,4,0,79,4979194
9781907761904,Secret Life of Girls,5.8,4,3,1068,1449257
9781907016578,Sex At Work,4.8,2,0,111,4242417
9780352341655,Silver Cage,6.2,4,0,57,3829119
9780352341419,Silver Collar,4.5,4,0,1102,2810716
9781783297757,Sleepy Hollow: The Secret Journal Of Ichabod Crane,5,14,2,241,741817
9780224101684,Stairwell,5.5,7,6,1065,430624
9781848566644,Star Trek: Nero,5.25,4,1,106,1203829
9780352335883,Stella Does Hollywood,5,6,2,37,882820
9780575073692,British Summertime (Gollancz SF S.),9.89,1,0,15,2143952
9781845027209,Tangling Of The Web,3.38,17,2,1292,1147817
9780352341372,Templar Prize,5.5,3,0,18,4275578
9780352341198,Ten Visions,4.3,6,1,1021,2378692
9780571264902,Tippoo Sultan's Incredible White Man Eating Tiger Toy Machine,4.99,11,2,1172,1259144
9781904706724,True Confessions 2 - Fall From Grace,6.29,1,0,100,5837420
9780099563693,Uninvited Guests,4.99,18,17,1264,128778
9780099591931,Valley Of Decision,9.83,10,4,82,1270440
9780486434100,Vicar Of Wakefield,4.79,2,2,22,1103091
9780720612301,Wager,8.95,13,0,1268,2539265
9780099597582,War Stories,4.79,3,3,98,1749974
9780720611878,Weary Generations,3.99,11,0,1147,1740793
9780099579984,Wedding Gift,7.49,15,3,116,656388
9780352345080,Wicked Obsession,4.99,9,2,15,1465539
9780352341617,Wicked Sex,4.99,3,0,76,2730096
9780352341945,Wildwood,4.99,14,0,88,2557722
9780099551850,Wrong Blood,5.92,4,1,87,1662843
9780099589990,Young & Prodigious T.S.Spivet,7.4,12,1,147,1276358
9780352341600,Zellie's Weakness,7.19,1,0,104,3571531
9781848093249,Sworn Sword,12.86,2,2,7,1041102
9780099541745,Best Of Men,4.79,6,0,25,1998443
9781845881054,Long-Ago Affair - Tales From Caravan vol.2,4.79,4,0,1035,5596468
9781845880026,Ask Mamma or The Richest Commoner In England,4.61,11,0,155,2161899
9781907475054,Charlotte's Awakening,7.79,4,0,102,3584110
9781841950532,Bad Sister - An Emma Tennant Omnibus,6.3,3,2,56,1367962
9781841959382,Missing,6.29,1,0,2,3584673
9780571234097,Collected Film Poetry,5.44,14,2,1165,1082841
9780571228171,Birthdays,3.7,3,0,1017,10974174
9780099443575,Bethany Bettany,4.34,3,1,110,2635398
9780434013043,Betrayal,7.35,2,0,4,8610532
9781899344444,Blood Brothers (Bloodlines S.),4.99,4,0,1104,3757558
9781562011185,Crimson Hairs: An Erotic Mystery Story,5.39,1,0,3,7248394
9780753801970,Curtains,4.99,1,0,2,4739187
9780099488873,Dancing in the Dark,7.49,11,2,1141,1338584
9780297817482,Far Horizon,9.75,1,0,5,3477338
9780752877013,Father Figure,4.57,3,0,3,10530092
9780140138894,Fires,12,2,1,12,361828
9780701176945,Good Voyage,6.11,3,1,38,2754152
9780460882040,Into a Towering Passion (Everyman's Poetry),2.79,3,0,18,8721851
9781901982343,Last Manly Man (A Robin Hudson Mystery),4.8,2,0,15,9010842
9780413694409,Liliane: Resurrection of the Daughter,19.99,1,1,1,2425574
9781852861575,London's Dark,5.5,3,3,78,1493146
9780486272733,Longfellow - Favorite Poems (Dover Thrift),1.99,5,0,1074,3263437
9781904316206,Man's Enemies (Bloodlines S.),5.05,1,0,2,8116277
9780747256014,Near and Dear,5.93,1,5,3,341662
9780434009299,Offcomer,4.64,6,2,1,2013555
9780460878272,Oliver Goldsmith - Poems (Everyman),3.3,7,0,55,5509528
9780460878241,Poetry Please!: Selected Poems (Everyman Poetry),4.61,19,5,1170,436919
9781857024296,Polite Sex,3.88,2,1,4,942103
9781902852393,Sacrifice,12.79,1,0,2,5902551
9780755322527,Simply Divine: AND Bad Heir Day,7.99,1,2,999,2003253
9781899344741,Small Change,2.61,1,0,2,12237895
9781562010232,Sundancer,5.79,2,0,1000,7534015
9780712670791,The Eighth Day,9.8,2,0,3,10666157
9780460879910,William Cowper (Everyman Poetry),4.8,3,4,1050,187307
9781901986013,Felicity's Wedding,3.79,9,0,10,9142120
9781683690863,We sold our souls,8.99,1,7,999,42428
9781782095866,100 Facts Ancient Rome,3.34,22,3,1053,597838
9781786170545,100 Facts Archaeology,2.5,9,4,60,383616
9781782093459,100 Facts Arms and Armour,6.95,3,0,133,2000000
9781848104723,100 Facts Astronomy,3.25,13,0,1166,1905449
9781789892581,100 Facts Birds,6.75,3,0,121,2000000
9781848102637,100 Facts Birds of Prey,6.46,13,3,1039,557471
9781842369609,100 Facts British History,3.29,12,4,62,927986
9781782095873,100 Facts Bugs,5.94,15,2,152,1367084
9781786170118,100 Facts Butterflies and moths,5.27,7,1,118,2192969
9781848109124,100 Facts Dinosaur,4.74,18,2,165,450285
9781848101029,100 Facts Elephants,3.19,11,3,1,612595
9781848102316,100 Facts Endangered animals,5.99,5,29,1031,19862
9781789892789,100 Facts Extreme earth,6.99,2,0,1099,2000000
9781848101647,100 Facts Fossils,5.44,17,3,1037,493254
9781786170132,100 Facts Horses and Ponies,6.31,5,5,1116,229324
9781789892628,100 Facts Inventions,6.99,2,0,1099,2000000
9781782093732,100 Facts Kings and Queens,4.34,20,3,1345,462365
9781789892635,100 Facts Knights and Castles,6.99,2,0,1099,2000000
9781848102347,100 Facts Monkeys and apes,5.99,6,24,145,204808
9781848101067,100 Facts Mummies,2.82,5,0,1124,2092783
9781786173553,100 Facts Nocturnal animals,5.27,7,5,1139,158728
9781782093855,100 Facts Prehistoric life,6.98,3,0,1011,2000000
9781786170668,100 Facts Rainforests,7.19,5,19,72,26927
9781789892666,100 Facts Reptiles and amphibians,6.99,2,0,1099,2000000
9781848101258,100 Facts Rocks and Minerals,4.99,18,2,1218,803529
9781789892673,100 Facts Science,6.99,2,0,1099,2000000
9781782093954,100 Facts Shipwrecks,6.98,2,2,14,779332
9781789892680,100 Facts Solar system,6.99,2,0,1099,2000000
9781848109117,100 Facts Space,4.35,5,10,37,675370
9781789892697,100 Facts Space travel,5.43,2,0,101,2000000
9781789892703,100 Facts Stars and Galaxies,6.99,2,0,1099,2000000
9781782096481,100 Facts Stars and galaxies,6.97,2,2,18,1470190
9781842369845,100 Facts Victorian Britain,3.59,19,29,83,25338
9781786170712,100 Facts Vikings,5.62,7,22,462,80739
9781782090762,100 Facts Weather,6.97,14,2,352,1075885
9780711236615,100 Family adventures,10.98,19,12,1063,25519
9781743638446,1001 cool riddles and tongue twisters,4.42,13,2,149,920270
9781783420773,101 things to do before you grow up,5.53,3,0,4,1782987
9780571339105,1423 I Facts,4.79,24,14,1251,1782987
9781787132559,15 Minute Vegan,7.8,27,35,1423,34535
9780007591893,1861 Bradshaw's handbook,13.27,1,2,4,100335
9781445622477,1917 First world war at sea,5.25,4,0,12,2138070
9781445622101,1917 Mud and Tanks,4.58,6,0,1011,2901717
9781445679112,1919 A Land fit for heroes,13.54,9,3,75,638957
9781906672133,1970's Britain in pictures,8.79,4,2,14,366990
9781906672140,1980's Britain in pictures,8.79,1,5,4,419217
9780600633297,200 Cakes and Bakes,3.81,10,1272,1138,15112
9780600610205,200 Cocktails,4.35,3,2,8,316490
9780600629009,200 Fast Chicken dishes,3.99,13,3,184,288307
9780600629047,200 Fast Vegetarian recipes,3.85,23,30,1105,17096
9780600626824,200 Healthy chinese recipes,5.8,0,5,0,415573
9780600617327,200 Low fat dishes,2.34,8,2,37,415573
9780600633341,200 Pasta dishes,3.85,18,1,0,140156
9780600633457,200 Pies and tarts,8.81,3,4,9,89906
9780600626831,200 tapas and spanish dishes,4.84,8,2,21,543031
9781784935344,50 Things you should know Tudors,6.41,4,2,88,643203
9781682970201,50 Things you should know about inventions,5.62,1,0,1,2408105
9780749575830,50 Walks Shropshire,6.79,2,0,168,1437587
9781845434489,500 Desserts and sweet treats,10,2,0,6,5730187
9781626868458,501 Unarmed self defense skills,11.66,5,0,2,7583885
9781789580440,555 Sticker fun Vehicles,5.39,22,16,1274,58681
9781488907777,600 Puzzles,9.99,1,0,999,2722855
9781406239492,A Pod of Dolphins,13.29,2,0,1099,9445435
9781406239508,A Rookery of Penguins,13.98,2,0,1001,7409104
9781406239515,A Troop of Chimpanzees,13.99,2,0,1000,9445434
9780857867346,A poke in the eye,8.3,6,3,93,878940
9781786920928,ABC jigsaw and book,19.99,1,3,1,2000000
9780233005065,ABC of Fishing,4.54,10,3,1048,936025
9781849759373,Afternoon tea,7.78,22,26,158,200732
9780233004716,Agincourt companion,7.1,9,2,1111,577256
9781782098430,Alice's Adventures in wonderland,7.79,2,0,3,2196282
9780785833390,Amazing Horse facts and trivia,25.72,3,0,4,4730006
9781786707345,Amazing animals 500 stickers,5.99,2,0,32,2000000
9781785942822,And now the weather,7.6,7,7,31,355381
9781787558946,Angela Harding Look out jigsaw,12.01,2,27,1009,15001
9781787555709,Angela Harding Ratlin Hare journal,7.26,17,9,1333,180733
9781786178381,"Animal Hospital Storybook, building and playmat",8.06,4,0,304,6459274
9781788387019,Antique maps giftwrap,5.99,10,3,1167,86259
9781842159774,"Ants, Bees, Wasps and termites",3.99,1,0,1,4431175
9781604695496,Aromatherapy garden,10.5,7,3,1019,630432
9780760361535,Art of BMW Motorcycles,30,2,4,4,799530
9781626863514,Art on the go,28.45,1,0,1,2000000
9781488910869,Atlas of the world sticker,7.75,2,0,21,4519261
9780754829973,Avro Lancaster,4.8,14,1,1117,399490
9780752456829,Battle of Britain story,4.72,11,3,1211,1013414
9780233005133,Battle of Waterloo,9.7,13,7,1209,505449
9781780979298,Beatles Band who changed the world,9.01,3,0,5,1578380
9781781555828,Beatles Miscellany,11.08,11,0,1255,2282006
9781784402051,Beatles all you ever wanted to know,5,2,0,4,5874483
9781909242913,Beatles are coming and DVD,11.79,5,0,32,2000000
9781786645487,Beatles forever,7.66,13,0,237,3241377
9781780388809,Beatles in America,24.47,1,6,3,988291
9781785572661,Beatles tin book and magnets,8.19,4,3,17,372685
9780711230811,Beautiful cows,6.19,7,3,201,500460
9780711229051,Beautiful sheep,7.64,13,9,1,549894
9781789789973,Bee Wild giftwrap,7.99,2,0,49,2541651
9781789789881,Bee wild notecard wallet,5.17,4,0,15,2000000
9781782405214,Bees bugs and butterflies,5.72,3,2,6,997404
9781250085900,Before Marilyn,7.8,1,2,2,1279902
9781789784398,Belle faune notecard wallet (12 cards and envelopes),5.99,2,0,5,2000000
9781631592867,Benevolent Bee,10,10,3,13,1112083
9780750954624,Bentley story,5.01,15,9,1139,250678
9780349115894,Bess of Hardwick,6.04,18,40,1160,32961
9780316724388,Best loved poems,5.29,23,19,308,51519
9780763629762,Beyond courage,6.19,5,3,1014,1112959
9781912006823,Big Book everything underground,7.79,5,2,122,900349
9781849390521,Big sneeze,5.5,17,3,138,464687
9781445657875,Birmingham's front line,11.45,16,4,1249,727395
9781631062490,Black beauty,5.39,7,1,1,1425365
9780857834690,Bob's basics Composting,4.79,16,7,1048,275482
9780857834720,Bob's basics Simple green pest control,4.39,8,3,58,579332
9780857834713,Bob's basics Weeding without chemicals,3.49,23,2,1059,684330
9781782197546,Bomb girls,6.38,21,2,1265,1042921
9780993532788,Bonne Maman,5.43,9,3,1539,631025
9780750960496,Book of the poppy,3.29,10,2,304,450733
9780600635734,Border control entrance exam,10,2,2,4,710249
9781473633827,Bosworth 14.85,4.98,8,12,49,342972
9781632206596,Brewology,9.79,4,1,1006,1628157
9781841195513,Brief history British Kings and Queens,6.99,13,7,119,136272
9781841194714,Brief history of Tudor age,4.78,21,6,1154,765240
9781784049768,Brilliant dot to dot book,3.69,4,1,1,1764944
9781907708633,Britain in pictures 1930's,6.79,2,4,9,351747
9781907708565,Britain in pictures 1950's,7.99,2,3,1,435477
9781907708657,Britain in pictures 1960's,6.79,1,3,4,404673
9781781317198,Britain's Lost Railways slip case,11.63,11,10,1087,193083
9781845895785,Britain's first photo album,6.19,5,1,1015,1363583
9780747806837,British Soldier first world war,5.3,9,2,1016,494084
9780008356859,British army challenge book,5.39,24,75,158,19585
9780711239616,British library old maps writing set,12.99,2,2,1003,1725423
9780233005546,Brontes treasury,8.14,4,2,1005,850318
9781783411719,Bug bites glow in the dark,10.8,2,0,3,7174409
9781847809155,Build a Butterfly 3D model,4.83,6,0,24,3758936
9781488909542,Build best behaviour,6.79,4,0,141,4448834
9788868605704,Build the Titanic 3D,8.12,17,4,1175,266438
9781591866817,Building second hand stuff,8.9,15,9,83,355771
9781780336060,Bully beef and boiled sweets,9.47,10,2,100,1451835
9781787720985,Busy Farm,9.98,5,0,1,2000000
9781474725071,Butterflies  (Amstutz),7.74,2,0,19,12964854
9781910258682,Butterflies and bug gift wrap,16.75,1,2,0,1282295
9780753731161,Calligrapher's colouring book,6.08,2,4,10,1160127
9781473860490,Canal pioneers,10.24,10,2,1013,1150614
9781843915331,Candy cookbook,3.79,10,1,1238,2450177
9781845849337,Car-Tastrophes,4.23,15,2,230,989695
9781786178398,"Castle, storybook, building and playmat",9.99,3,0,1299,2000000
9780857809186,Caterpillar finger puppet,5.99,2,0,3,2819769
9781910821091,Cathedrals and Abbeys,7.72,9,6,1234,125414
9781906761561,Change your life one day at a time,7.78,11,2,23,572665
9780008314293,Cheddar gorge,8.78,2,5,11,271485
9781406270518,Child's history life in Tudor Britain,6.79,5,2,4,870006
9781406270495,Child's history of Britain Life in Angl-Saxon Britain,9.14,11,3,267,670806
9781786178442,Children's world atlas,8.19,15,3,1361,1419237
9781783420605,Childrens encyclopedia of Earth,19.99,1,1,9,427825
9781783612284,Choosing and looking after your horse,10,1,2,2,939226
9780330520546,Christmas Carols,3.99,1,1,2,1308542
9781851497409,Christmas Crackers,8.78,4,3,240,420889
9780008308162,Christmas with Good Housekeeping,6.09,26,32,1132,71861
9781780552798,Christmas world of stickers,4.92,2,1,7,71861
9780752462042,Classic Military Vehicle story,5.9,15,0,71,3177684
9780760355190,Classic creations embroidery,15,3,1,3,1814957
9781843652151,Classic nursery tales,4.99,3,0,1006,8038734
9781844257089,Classic ships,3.51,10,0,159,3910682
9781473858848,Coal mine disasters,9.97,6,14,1114,102895
9781785249235,Coffee shopping list,5.99,2,0,33,2331577
9780261674028,Collins Birds,3.75,14,3,304,418279
9780261674042,Collins Butterflies and moths,3.8,10,2,2116,365977
9780008271176,Collins Children's dictionary,10.65,17,29,2277,1815
9780007841431,Collins Dinosaurs,4.29,6,0,119,5892666
9780007236862,Collins complete guide British Birds,10.98,10,838,4153,2625
9781847808844,Colour in the Queen,4.29,7,0,159,2027293
9780451496560,Colour me Jane,9.99,2,16,8,196342
9781409163718,Colour me Mindful butterflies,8.99,1,5,5,398236
9781631581717,Complete tales peter rabbit,7.42,13,3,395,179448
9780857621474,Complete watercolour,12.4,4,2,10,922594
9781409347019,Computer coding for kids,5.78,11,15,1153,203932
9780241209738,Computer coding games for children,7.47,6,5,1117,236335
9780241241332,Computer coding projects for kids,4.92,8,6,1192,472820
9781407511344,Concise guide Seashore,7.7,3,0,6,3439470
9781405488020,Concise guide weather,5.99,6,1,7,1910600
9780750939805,Concorde story,4.99,17,11,1187,272358
9781782099765,Convertible playbook farm,9.8,6,2,163,440248
9781741964363,Cooking for Christmas,7.75,3,2,22,920478
9780008245054,Cops and Robbers paperback,7.49,16,13,1529,406646
9781902915340,Creative fun Roman activity,5.91,11,9,1168,29119
9781848321700,Cross Channel and short sea ferries,7.28,15,4,37,648761
9781786178985,Curious questions and answers Dinosaurs,7.99,9,2,312,422981
9781786177711,Curious questions and answers My Body,7.99,9,14,1311,83180
9781786177728,Curious questions and answers Our Ocean,7.99,14,4,1414,698570
9781786174444,Curious questions and answers Our Planet,7.97,3,4,1299,244628
9781789890730,Curious questions and answers Plants,9.99,2,0,1099,1528403
9781786174451,Curious questions and answers Science,7.99,14,2,1411,1812407
9781786174437,Curious questions and answers Solar System,5.99,18,6,1251,101647
9781789890754,Curious questions and answers The Moon,9.99,3,1,1100,1584363
9781789890778,Curious questions and answers Weather,8.78,12,1,1209,736135
9781787721173,Cute foil art,7.99,1,3,36,688421
9780749572549,Cycling in Wales,6.29,1,0,9,1287892
9781409374435,DK Castles and Knights sticker,5.39,2,0,5,1585110
9780241228463,DK Skeleton/poster,14.83,2,5,7,547950
9781409383390,DK Story of the Titanic,7.55,30,53,1166,24419
9780241331392,DK findout Animals,6.79,3,0,13,2000000
9780857332028,Daily mirror Loch Ness monster & other unexplained mysteries,7.82,7,0,1206,1678928
9780233005362,Darwin the man,6.07,8,2,159,968478
9781911130376,De Cipher codes,5.99,5,2,1018,36573
9780857836229,Diabetes Weight Loss Cookbook,10.99,18,1139,1190,1702
9781786178954,Digger playpack,8.97,3,0,304,2875233
9780955272370,Digging for victory,9.79,5,5,131,574238
9781786175212,Dinosaur adventure,8.79,6,1,317,1502119
9781787722040,Dinosaur don't open the box,7.71,5,0,0,2000000
9781788103985,Dinosaur land push pull turn,10.23,6,4,17,1034288
9781786174048,Dinosaur puzzle and colour playpack,6.13,5,0,421,3443627
9781782403999,Dinosaurs in 30 seconds,7.98,3,1,19,1401668
9781847808264,Discover the Roman Empire,5.43,4,3,159,351082
9781783124121,Discovering Titanic hardback,9.78,5,2,1009,969629
9781909815421,Do ahead Christmas,7.57,14,3,1674,502424
9781910562413,Do you remember the 1940's,6.72,4,2,2149,1612366
9781910562451,Do you remember the 1980's,6.72,4,2,1768,914953
9781910562444,Do you remember 1970's,6.72,5,2,2144,1016517
9781787721135,Dolly dressing girls rule,7.79,10,0,1011,5062459
9781906032746,Don't even think about it,6.17,5,2,6,1537106
9781786707666,Dot to Dot sticker farm animals,3.11,11,0,2,5090898
9781784285357,Dot to dot around the world,3,5,2,80,1214588
9781405270540,Doughnuts for a dragon,4.54,20,24,3164,24442
9781911509134,Dress up Jane Austen,6.59,14,3,1159,319811
9780857332967,Edwardian housewife's companion,5.99,4,1,19,1102833
9781783120093,Egyptworld discover the wonders,6.7,10,0,122,2168136
9780857809179,Elephant finger puppet,4.8,1,0,8,2963859
9781911595076,"Elizabeth, Queen and Crown",7,12,2,4117,982250
9781445410388,Encyclopedia British History,9.98,5,0,6,3840552
9781783421008,Encyclopedia herb gardening,5.26,5,3,14,1077149
9780752491103,English castle story,5.02,16,2,99,1590622
9780603573767,Enid Blyton Magic Faraway tree treasury,6.99,3,2,9,605116
9781783831531,Evacuees,8.25,13,3,18,439470
9781783419296,F is for farm,7.34,17,0,341,3928617
9781787720367,Fairy magic,3.29,4,1,4,1165842
9781908005465,Fairy tale knits,12,6,3,20,410804
9781631062056,Fairy tales of Hans Christian Anderson box,13.33,3,3,22,210791
9781474926898,Fairy unicorn Magic forest,3.92,18,15,921,117118
9781474926904,Fairy unicorn cloud castle,5.22,17,31,2192,99978
9781474926928,Fairy unicorn enchanted river,6.27,6,11,23,186180
9781474926942,Fairy unicorn star spell,5.22,17,21,1674,32982
9781848990081,Family camping cookbook,9.4,15,24,210,244866
9781781590157,Famous brand names,5.98,8,2,1154,661896
9781786178411,"Farm Storybook, building and playmat",7.07,3,0,302,6461783
9781909645899,Farm sticker book scribblers,4.99,2,2,10,1529686
9781409598190,Farmyard Tales Hungry Donkey,4.1,3,2,4,1367250
9781784724368,Farrow and ball recipes for decorating,15.99,20,111,1149,13851
9781845436155,Field guide to knots,9.89,3,2,5,714603
9781786178428,"Fire Station Storybook, building and playmat",9.99,3,0,1299,2000000
9781782436997,Fire woman - story of Britain's 1st female firefighter,4.49,12,9,1356,413899
9781405281614,Fireman Sam Pontypandy winter rescue,4.99,2,26,150,18913
9780233005324,First world war,32.25,2,2,6,815462
9781409537793,First world war cards,5.94,4,2,1104,1319147
9780233005232,First world war in 100objects,7.99,8,3,296,1119878
9781409570240,First world war usborne history,4.07,15,14,1261,375654
9781906417062,Fish cook Aldo Zilli,4.75,7,2,1,799833
9780750969970,Fishing boats story,7.03,17,12,203,184661
9781786484772,Five go bump in the night,4.79,21,15,1299,209791
9781488933783,Flags of the world,11.42,6,1,1,2927589
9781780555850,Flight school,5,15,4,753,317237
9781784680701,Floortime farmyard,3.1,8,0,1,4269181
9781910258613,Flowers fruit and vegetables giftwrap,5.05,4,2,17,399609
9781786850171,For the best Dad ever,5.8,5,2,1005,1827530
9781783350124,For who the bell tolls,7.78,6,4,24,622577
9781786031624,Fuzzy Animals touch and feel colouring in,6.29,2,3,4,899406
9781786031648,Fuzzy Dinosaurs touch and feel colouring in,7.15,4,5,23,604582
9781782437215,Games from childhood,6.05,4,2,7,944716
9781786178404,"Garage Storybook, building and playmat",9.99,3,0,1299,2000000
9781861088031,Gardening with wild plants,4.65,10,3,61,1017870
9780751564006,Gentleman's Gentleman,6.77,5,4,13,655180
9781911127987,Geometric origami,8.78,3,0,5,5208710
9781908786739,George and the knight activity,5.8,2,0,3,3863048
9781407109992,George's dragon,4.43,4,1,81,811370
9781409599708,Georgians,9.28,4,6,109,806966
9781782404682,Get fit with your dog,3.75,6,2,15,793142
9781788389013,Gin shopping list,7.99,1,2,1,1214293
9781906388201,Give a cat a home,2.81,9,0,123,2636309
9781911632016,Gloriously Gluten free,7.61,24,3,1071,467879
9781488914850,Glow in the dark dinosaur sticker atlas,7.99,10,0,1011,2000000
9781787720619,Glow in the dark space,4.99,8,0,2,2000000
9780008357894,Good housekeeping Express cook,8.48,20,26,2151,26809
9781905400720,Good old fashioned roasts,15.55,1,2,4,593324
9780857833846,Goodness of Greens,4.99,10,2,344,1188042
9780857833822,Goodness of garlic,6,3,5,6,596871
9781843173083,Grandad's best book everything,16.99,3,1,79,829690
9781782438243,Grandmother's wisdom,7.8,2,2,4,638720
9781445647708,Great British Eccentric,8.41,2,3,603,1528225
9780753730423,Great British cars 1920-1970,9.98,3,0,77,2000000
9781741855821,Great big book amazing activities,24.99,1,0,6,5713386
9781473833708,Great war illustrated home front,4.49,4,0,1089,3005968
9781473856684,Great war through picture postcards,11.5,10,3,113,985597
9781472916440,Green guide to garden Wildlife,5.24,8,0,12,2090176
9781472916488,Green guide to trees,5.78,20,3,101,1223109
9781472927200,Green guide to wild flowers,5.79,19,2,101,1271353
9781907967474,Grumpy cat,5.9,11,3,1169,633721
9781782439400,Grumpy old git quiz book,7.71,11,22,281,173598
9781848848122,Guide to wartime collectables,10.59,5,1,1005,1825175
9780785836308,Guitar chords handbook,11.6,3,3,1059,1825175
9781407152622,HH Terrifying Tudors sticker activity,4.29,7,8,200,320831
9781408896389,Hail Mary,7.25,17,2,163,1362966
9781782095729,Handbook Rocks and minerals,7.27,3,0,301,4025274
9781782091660,Handbook Space,5.29,5,0,319,2694041
9781782091691,Handbook butterflies and moths,4.03,5,2,1104,2020971
9781782492429,Handmade Christmas,5.75,3,0,27,777517
9781488910876,Happy and healthy habits,5.5,6,0,144,4101463
9781907732263,Hart of England,14.46,4,0,9,2956716
9781784937478,Have you heard,7.79,1,2,4,425896
9781785782091,Headline Britons 1921-1925,4.29,21,1,1125,2577250
9781785782107,Headline Britons 1926-1930,4.43,19,0,1139,2783213
9781742665757,Healthy living high cholesterol,15.28,1,0,2,1691447
9781848861602,Hedgehugs Picture flat,6.25,17,3,1268,487091
9781910231050,Hello Crochet,2.7,15,1,7,602113
9780723271673,Hello Kitty friends finger puppet,4.34,5,0,72,3175356
9781909815964,Hello Knitting,11.3,1,0,1,2000000
9781910231043,Hello Sewing,4.99,16,3,14,838616
9781907892288,Her Ladyship's guide to British Season,4.98,19,2,1747,1038313
9781786069023,Hidden Army,8.24,19,3,1183,920757
9781783122233,Holocaust,14.79,3,0,9,3034356
9781504800396,Home Brewing,6.55,12,3,1152,768328
9781446303771,Home quilt Home,8.51,9,10,1073,418664
9781472140678,Homemade cocktails,5.79,15,5,1219,496056
9781787390539,How do you turn water into wine,3.99,14,2,1113,344311
9781848319998,How many moons does the earth have,14.53,1,0,5,2000000
9781844582556,How things grow from caterpillar to butterfly,5.39,1,0,59,10761066
9780716022237,How to draw anything,4.21,17,49,167,3395
9780233005669,How to live in space,8.79,19,2,1656,715571
9781786641960,How to paint made easy,5.99,11,3,252,1315218
9781472141538,How to store your home grown produce,7.51,9,4,438,205435
9781787390812,How to survive a duel,6.75,2,3,5,933210
9781684127078,Hush says duck,11.29,1,0,999,2000000
9781784979690,Hut of one's own,5,21,2,155,705327
9780062409089,I am Otter,5.3,11,2,62,1337541
9781783122530,I explore Bugs,12.79,1,6,4,480595
9781407145075,I was there Alone in the Trenches,3.78,15,9,1462,407712
9781407148847,I was there Boudica's army,7.79,1,2,2,519981
9781407145044,I was there Richard III,4.24,13,5,2017,574709
9781407145051,I was there Royal Nursemaid,4.24,4,6,116,460240
9781407148861,I was there Titanic,4.67,3,10,1100,24575
9781848696969,I'm not sleepy,4.89,4,3,18,596948
9781783614059,Identifying birds,9.99,2,3,2,1108748
9781783611300,Illustrated book children's verse,16.06,4,0,5,2233298
9781783611102,Illustrated book of romantic verse,6.99,1,1,3,1127045
9781786174383,Illustrated classic Secret Garden,16.48,4,0,1153,2000000
9781844769407,Illustrated cook's guide cheeses,14.71,1,3,51,245245
9781780192178,Illustrated guide Aircraft carriers,9.44,20,1,1224,1629324
9781844865222,In Their own words,17.33,18,2,1282,1202399
9780753441091,In focus Bugs,6.31,14,2,252,582673
9781844861378,In search of South Pole,8.13,2,2,220,709090
9781407553900,Indian love food,8.99,1,2,24,1493645
9780847839902,International tennis federation,14.29,12,0,1151,2709860
9780760354360,Invasion story of D-Day,5.73,2,0,2,4246508
9780714870021,Italian cooking Pasta,9.95,1,17,999,161787
9780714870014,Italian cooking Pizza,7.99,16,9,1232,268008
9781633221604,Itsy Bitsy Spider,4,5,0,56,3992007
9781786920935,Itsy bitsy spider jigsaw and book,5,1,0,1,2000000
9781788389556,Jack Vettriano Billy boys journal,5.73,10,1,1209,1318917
9781788389594,Jack Vettriano Bluebird at Bonnneville journal,5.65,13,1,1309,1041008
9780233005140,Jane Austen treasury,6.7,9,2,65,946766
9780760360217,John Deere century,24.99,3,7,1001,547857
9780008314279,Joyful home cook,12.76,19,29,1138,9602
9781782099703,Junior Picture Dictionary,10.8,1,5,10,549740
9781782702085,Junior art colour-in mazes jungle fun,1.99,2,2,1010,2386850
9781786178589,Junior encyclopedia,12.8,2,6,8,204485
9781788286138,Kew gardens beautiful flowers dot to dot (one only),5.27,11,6,147,360993
9780785824558,Keyboard player's chord bible,21.78,1,2,4,1878491
9780753441480,Kingfisher Space encyclopedia,7.07,5,0,215,1379974
9781409577621,Kings and queens to colour,3.49,5,0,149,1773982
9780091957582,Kitchen Orchard,10.99,3,6,63,850522
9781907892011,Kitchen garden tomatoes,3.74,10,1,1130,2280976
9781409544173,Knights and castles things to make and do,3.28,4,2,90,577898
9781409582120,Knights and castles to colour,4.56,1,0,51,1122772
9781474903356,Knights handbook,5.98,2,4,6,1579712
9780754828556,Knights templar,8.43,2,2,102,588282
9781782491941,Knitting basics,5.78,4,3,12,454525
9780241364369,Knowledge encyclopedia Dinosaur,12.79,3,10,7,257567
9781849547956,Lady Constance Lytton suffragette,9.78,6,2,18,1051721
9781787412330,Lady of leisure challenge book,5.96,15,3,155,432408
9781471161025,Lady of the Rivers,5.79,2,0,5,2103576
9780718188849,Ladybird Grown-up picture book,3.95,28,16,1127,386178
9780718188665,Ladybird The EX,2.99,22,20,139,58022
9780718188856,Ladybird The New you,6.39,20,31,1115,243940
9780718188689,Ladybird The Quiet night in,6.16,21,27,1105,216354
9780718188672,Ladybird the Big night out,4.79,21,38,1044,181580
9780857337177,Lancaster inside story,4.54,3,2,8,1342859
9780750947602,Lancaster story,6.22,17,4,219,488744
9781849757638,Layered desserts,5.33,5,4,1798,605590
9781849497534,Learn to crochet love to crochet,41.78,2,0,3,2000000
9781408879184,Let's draw sea animals,4.74,14,3,1157,1570489
9781909242708,Letters and news from trenches,2.78,7,1,13,1740299
9781849838320,Letters to the editor,12.34,1,2,5,1256217
9781782434351,Life below stairs,41.09,3,2,4,480139
9781406270532,Life during the Industrial revolution,13.79,1,3,3,872638
9782352500674,Life of a knight,13.97,8,0,1008,5876304
9781788107754,Life size Bugs,15.65,1,2,999,1712681
9781626869424,Lift and Learn In the Forest,11.1,3,1,4,1678925
9781783708420,Little Grey Rabbit Knot squirrel tied,4.99,11,4,1156,369648
9781783708789,Little Grey rabbit Moldy old Warp the mole,4.99,18,4,1256,376592
9781789057584,Little Lamb finger puppet,3.59,3,0,1,2000000
9781909217218,Little book flight,6.2,3,0,1004,10351577
9781908489319,Little book of wetland bird sounds,12.99,1,18,32,80318
9781760527563,Little curry cookbook,5.37,13,7,52,498118
9781783703951,Little grey rabbit wise owl,5.02,17,4,1253,426208
9781405291019,Little miss splendid moves house,4.74,5,3,80,614422
9781760634360,Little pizza cookbook,6.9,16,8,1172,710146
9781848691605,Little snappers in the jungle,5.99,2,2,2,439227
9781782436287,Long and the short of it,6.02,5,5,1012,814145
9781474937450,Look and find bugs,7.79,4,3,35,828578
9781474941594,Look and find on the farm,7.79,2,4,17,574990
9781408896396,Lord's Prayer,9.38,19,2,1240,910291
9781912213115,Lost Lines Bangor to Afon Wen,5.94,14,4,1234,198619
9781912050680,Lost lines Shrewsbury to Aberystwyth,7.66,12,12,1234,110690
9781616289331,Luscious fruit desserts,9.45,3,0,1001,4099587
9781579129323,Mad Science,9.49,16,2,76,1468690
9781407188904,Magic unicorn journal,4.37,12,2,4132,953913
9781787722460,Magical fun activities and press outs,6.99,1,0,36,2000000
9781472323477,Make and bake cupcakes,6.93,5,1,10,1590288
9781786271914,Make your own farm,12.65,3,4,127,707045
9781845299439,Mammoth book of Beatles,4.99,8,4,23,99650
9780810984134,Mammoths and Mastodons,28.77,6,1,7,1948048
9781783423002,Maps and navigation Bear Grylls,4.54,24,23,1175,32568
9780062797759,Marine knots,13.72,2,9,4,408618
9781841651286,Maritime Britain,6.59,4,0,6,1815185
9781408862667,Marmaduke very popular dragon,6.97,2,8,30,442078
9780241333389,Master chef amazing mains,9.78,9,15,1,346404
9780241333365,Master chef prepare ahead,8.48,6,3,23,531096
9780241333372,Master chef sensational puddings,8.47,9,7,4,441325
9780241333358,Masterchef quick wins,7.99,6,9,14,424104
9780224101622,Maths on the go,7.51,9,15,1281,161043
9781474930215,Medieval fashion picture book,7.89,2,1,16,2108049
9781849542371,Memories of the Falklands,5.17,4,2,1,1385624
9780957261099,Michael Caine 1960's,10.26,6,3,190,1102049
9781782094425,Mini encyclopedia British wildlife,5.75,6,2,104,737345
9781782094470,Mini encyclopedia Rocks and fossils,4.99,7,4,104,1105454
9780752462820,Mini story,7.66,9,5,223,500061
9780857337276,Mirror - History that time forgot,7.74,6,0,12,2656733
9781787390935,Modern puzzles,4.53,19,3,1245,1172654
9781841814667,Modern yoga bible,7.66,10,49,170,80791
9781910851852,Monster food finger puppet,4.99,12,0,1161,7412183
9781787390232,Moto GP,16.31,6,4,1004,150304
9781843652236,Mouse mischief,7.98,3,2,43,1786800
9781781317969,Must I repeat myself,5.25,25,30,1797,157567
9781909815438,My Cool Scooter,9.79,8,15,4139,402470
9781862338135,My Favourite food,4.3,2,0,29,6073369
9781408876794,My French words,4.99,2,11,11,323616
9781788387088,My Garden Giftwrap,6.4,2,0,950,2000000
9781407120713,My Story Catherine of Aragon,6.2,1,3,6,380676
9781787720145,My first animals,6.48,13,0,1024,4834136
9781407146089,My story Anne Boleyn,7.15,1,2,2,330877
9781407146072,My story Great plague,7.75,3,3,35,513776
9781407165752,My story Viking Blood,11.09,2,2,1,1101054
9781407178639,My story war stories,6.11,15,2,2345,1218691
9781910904725,My tiny home farm,7,7,3,166,726927
9781783461837,Nation in arms,14.99,3,3,1052,959620
9780859651653,Nation of Shopkeepers,6.65,11,3,1386,181579
9781909612457,Naturalist guide butterflies,5.59,6,0,17,1835861
9781909767416,Nature puzzles Bugs and Butterflies,5.99,14,0,999,2975739
9781909767423,Nature puzzles Woodland animals,7.74,4,0,20,2263410
9781409577706,Nature trail Wild flowers,6.19,3,2,11,1735200
9781906122003,Nature's plaything,3.3,3,1,15,2123584
9780565093556,Nettle cookbook,6.75,20,5,326,458094
9781910562963,Never too old,5.19,5,0,1925,1665309
9781781316399,New Views,7,14,4,196,491465
9781472913791,Nick Baker's bug book,6.2,22,4,68,541388
9781406326109,Noah's ark and other bible stories,3.49,22,2,168,429435
9780785834786,Noble horse,11.49,20,22,1057,77874
9781910254578,Nostalgic delights,14.8,19,21,1058,140253
9781847172358,Nursery Rhymes,8.79,3,2,1018,1058230
9781843405221,Nursery stitch 20 projects,3.54,7,0,42,6526596
9781910562956,Older and a whole lot wiser,5.36,4,0,2149,2000000
9781406305630,Oliver twist and other dickens stories,4.88,7,0,1093,2000000
9780711245358,On the farm touch and feel,6.82,20,0,1179,1365417
9781509878925,One Ted falls out of Bed,6,1,0,10,2000000
9781783422197,One and only casseroles and stews,7.9,2,4,74,483898
9781789580235,One and two touch and feel,5.39,20,2,1262,677771
9780753732991,One pot student cookbook,5.84,3,0,2,65596
9781788387521,Owl Memo block,12.79,1,1,1,2356545
9781843406747,Parlour games,5.79,3,3,107,1064236
9781781853351,Peace and war Britain 1914,4.76,11,1,1160,2503871
9781781852538,Peace and war in Britain 1914,6.19,14,2,155,906409
9781847463975,Peak district,3.95,3,1,7,4118023
9781846973833,Peaks and Troughs,5,21,4,1229,530658
9781906502652,Pedro life and death fighter pilot,9.3,5,3,77,1416933
9781474865784,Peek a boo I can say please ( 1 copy only),2.99,14,0,1,1886698
9781474871464,Peek a boo hello Christmas,4,1,0,2,1856871
9781786929266,Peek-through Old Macdonald had a farm,4.98,4,0,51,1512271
9781786923851,Peek-through wheels on the bus,4.23,2,1,4,760210
9781787720930,Peekaboo Unicorn,6.79,10,0,82,1994039
9781787720091,Peekaboo play pets,6.79,1,0,57,2000000
9781849073134,Phillip's Stargazing with Mark Thompson,3.23,14,2,127,858749
9781488940910,Phonics pull the tab,6.77,5,0,102,3214845
9781783705443,Pictura Wild Wonders,4.98,10,2,147,1900810
9781787131873,Pies and Tarts for all seasons,8.95,7,12,236,227647
9781907708695,Place in history,7.95,3,2,6,800934
9781783120413,Pocket activity horse and pony,2.12,11,0,264,6932968
9781785575334,Pocket chef Juicing,5.79,4,0,77,2000000
9781472966117,Pocket guide birds,5.62,18,0,157,4983871
9781786172990,Poems for children,7,4,0,402,1231294
9781445444338,Polar Regions,2.81,3,0,4,11407633
9781488934797,Pom Pom forest friends,7.99,1,2,1132,1265786
9781742819860,Pom pom pets,6.25,14,4,1135,412911
9781784932893,Pop out stencil art safari animals,7.84,3,2,473,718785
9781910500163,Poppyganda,5.71,6,0,211,1310436
9781910258767,Posh dogs,6.48,14,3,1175,610337
9781849310925,Power of spices,6.75,3,4,146,1476740
9781780193250,Practical guide fish and shellfish,7.52,7,0,1042,6853603
9780750967754,Pretty Nostalgic,5.45,16,2,1154,1582329
9781780550442,Pretty flowers colouring book,4.87,2,2,52,731925
9781784407001,Primary explorers Space,4.06,4,0,886,8503796
9781786174055,Princess play pack,6.13,6,0,432,12983082
9781786175298,Project Bugs,7.49,15,2,1222,1467233
9781509842735,Pussy cat what can you see,5.42,15,5,1230,133714
9781409539544,Queen Elizabeth II,4.91,1,4,41,950506
9781849903257,Question of sport quiz book,5.89,9,21,1191,194318
9781906670481,RAF 100 Cookbook,14.82,7,15,146,130357
9781784725891,RHS 50 plants that you can't kill,8.74,24,26,267,56526
9780750961363,RMS Titanic the wider story,12.99,2,3,7,930788
9781472921833,RSPB spotlight Eagles,8.75,18,3,1154,420391
9781911604457,Reaching for the sky,4.99,15,15,141,412288
9781626867277,Read build play farm,72,2,0,2,2000000
9781910232293,Real British citizenship test,9.13,3,2,4,882300
9781910684665,Record breaking bugs Flying insects,6,2,0,2,7032254
9781910684658,Record breaking bugs Super Spiders,7.12,2,0,1000,2000000
9781471161018,Red Queen (philippa gregory),5.78,3,0,60,2664022
9781789580242,Red and blue touch and feel,5.99,18,2,1295,1734168
9780750944465,Red arrows story,6.19,6,8,30,388971
9781925546163,Reed mini guide Birds,4.75,15,1,1080,2247468
9781925546248,Reed mini guide animals,5.26,11,0,1154,2000000
9781925546194,Reed mini guide butterflies,4.99,10,0,1153,1729731
9781741175165,Retro Jumpers,4.25,6,0,32,5596131
9781445610139,Rich men poor men ryersons on the Titanic,6.59,3,0,1078,4110977
9781780226415,Richard III brother protector king,5.99,18,7,1150,266009
9780241322215,Roald Dahl's James's giant bug book,6.54,14,21,1564,332632
9781787130128,Roasting tray magic,6.8,24,21,1201,182282
9781782494126,Romantic English Homes,12.95,22,4,1068,532911
9781781979235,Royal air force,7.44,5,1,11,1303393
9781845842130,Russian motor vehicles,9.99,5,0,1006,1951659
9781784680145,Safari babies,6.39,2,0,12,2000000
9781844862771,Scootermania,14.59,3,1,12,1070410
9781631593901,Scratch and create I love hand lettering,4.29,6,2,122,1352099
9781631593956,Scratch and create amazing endangered animals,5.49,14,0,1180,2434561
9781631593918,Scratch and draw Botanicals,4.68,16,0,280,3096326
9781787720275,Scratch art Dinosaurs,7.99,7,5,59,1255214
9781787720282,Scratch art Fairies,4.99,4,0,1,2866238
9781787722941,Scratch art Unicorn,9.69,1,3,1,1331221
9781910184028,Scribblers activity doll's house sticker,5.51,2,2,1,1525420
9781409564461,Second big maze book,9.19,1,2,2,543491
9780233005249,Second world war in 100 objects,12.78,3,4,10,345980
9781849535502,Second world war miscellany,9.49,3,2,5,1022035
9781782495598,Secret Language of Herbs,4.99,17,2,1151,468318
9781785904813,Secret agent's bedside reader,5.35,21,4,1331,1048821
9780857833150,Seriously good gluten free cooking (2 copies only),8.32,19,19,1156,139484
9781440565205,Sew Quick sew cute,11.67,2,0,4,3466800
9781472127297,Shabby,4,22,2,273,847199
9780760365823,She sheds,7.47,20,4,1155,767897
9780330487689,Shout! The True Story of The Beatles,4.79,11,5,130,67926
9780062385833,Shuffle and Deal,14.6,3,0,1003,1716735
9781405286404,Sir Boris the Brave,6.47,7,1,123,1190355
9781408846995,Sir Dancelot,5.89,11,2,1097,489744
9781408856062,Sir Scaly Pants and dragon thief,6.13,13,4,1249,123176
9781472128768,Skymeadow,6.89,17,6,1081,59458
9781910646229,"Sleep, How nature gets it's rest",5.1,15,0,263,2125791
9781782495505,Small summer gardens,7.99,21,13,1096,151342
9781597643184,Snakes and reptiles portrait,5.49,2,0,7,6590052
9780711242128,So that went well,4.99,24,35,700,22483
9781844062652,Sophia Loren,22.75,1,0,1,2000000
9781788104241,Space sticker play scenes,6.97,10,0,79,6883239
9781781310427,Spade as mighty as the sword,4.31,5,3,246,318330
9781845136178,Spade mightier than the sword,5.58,5,3,102,1377874
9781597643337,Spiders portrait,4.89,5,0,19,7029303
9780750944021,Spitfire story,6.61,14,21,270,49094
9781849497428,Spotless home,3.28,23,2,1,928168
9780746073636,Spotters guide ponds and lakes,5.3,4,3,32,241463
9781407143132,Spring time sticker activity,3.35,5,0,83,3336951
9781783611225,Steampunk,6.19,5,8,1119,478282
9781409557326,Sticker Dressing World wars,7.9,2,2,22,1147917
9781783120703,Sticker Histories First world war,5.83,2,0,23,1112319
9781633222991,Stitching with Jane Foster,7.99,6,23,25,77164
9781444010855,Story of World War One,5.62,19,24,320,104261
9781788885034,Story of life ( 1 copy only ),10.4,12,0,220,3471146
9781409376446,Street through time,7.79,11,20,164,269567
9781849545181,Suffragette derby,9.27,4,2,326,940526
9781592337231,Superfood weeknight meals,6.45,2,0,11,2792896
9781844487523,Sweet and easy decorations,7.09,6,4,1008,1061366
9781907708725,Swinging sixties,6.79,2,3,9,72368
9780744588828,Tales from Shakespeare,13.8,4,2,103,645309
9780233005348,Tanks,25,2,14,15,664457
9780857809889,Tasty treats 100 recipes,3.29,7,2,29,1352810
9781856699907,Tattoo time animal activities,4.13,8,2,1122,1647079
9781906761776,Teatime Treats,6.19,16,1,1133,78819
9781782430292,"Teddy bears,Tupperware & sweet fanny adams",7.03,5,0,7,1652140
9780753730300,Tell me about science,6.56,1,0,7,2762930
9780349143064,Terms and conditions,6.5,18,42,1134,26186
9781786271198,Terrific timelines Cars,6.79,6,1,1127,1770574
9781785941894,Test Match special quiz,15.8,3,6,1011,263578
9781785572746,The Beatles,10,2,0,6,2015801
9780007488841,The Planets,18.27,15,2763,2244,2164
9781910254523,The Pub,10.79,14,18,1268,17134
9781406339185,"The Romans, Gods, Emperors and dormice",8.8,6,3,13,400646
9781472936646,The Title story of First Division,6.94,24,5,1485,67732
9781780229362,The boys,5.88,15,5,1199,381363
9781788003070,This is the way we go to school,5.94,13,6,1021,319740
9781473843714,Thomas Telford,9.6,5,6,9,556682
9780603559945,Thomas press out model,4.98,5,3,15,1553061
9780603566363,Thomas story treasury,13.09,1,2,14,1163320
9781472942999,Thrive through Yoga,8.99,15,20,1227,168531
9781849310444,Timeline history middle ages,14.84,2,0,1000,4870439
9780750948456,Titanic story,4.65,21,1,1271,1734526
9781783123551,To the moon and back,8.67,5,3,2126,945176
9781912188031,Top speed cars,6.8,2,0,6,2000000
9781786178961,Tractor playpack,8.97,3,0,304,4954841
9780752461984,Tractor story,3.8,19,4,1163,242779
9781909313965,Traithlon,4.98,18,0,153,1354858
9780233005621,Treasures of British history,20,3,25,149,50303
9780571338931,Twelve Days of Christmas,7.79,15,19,1181,482672
9781409120100,Twelve babies on a bike,7.06,15,4,1125,207387
9781786178343,Ultimate guide SPACE,13.59,17,0,238,3309439
9781912295067,Unicorns and magical horses,5.36,14,1,3,3203903
9781911127222,Upcycling outdoors,8.79,20,29,1250,153987
9780746085462,Usborne first reader Frogs,8.79,1,0,2,2353348
9780746080559,Usborne story of Castle,4.99,11,25,2140,21194
9780752484600,VW Beetle story,4.88,10,4,267,189499
9780752462813,VW Camper story,4.9,18,27,279,357678
9781784881665,Vegan goodness feasts,7.09,23,18,438,414785
9781911632191,Vegan style,5,22,7,336,103244
9781782437635,Vegetable growing a money saving guide,4.98,11,5,1178,676831
9781784881856,Vegetarian party food,6.13,19,2,1084,749812
9781472307255,Vegetarian step by step,6.79,1,2,21,430508
9781844153190,Vetrans,4.79,18,2,35,718405
9781409599333,Victorian Fashion to Colour,4.55,1,1,52,765821
9780233004778,Victorian treasury,7.3,12,4,1181,442471
9781844838929,Vikings battle at the end of time,10.99,3,1,1001,1738476
9781783120468,Vikingworld,6.08,5,1,19,777379
9781847326218,Vintage Fashion knitwear,12.3,13,0,1112,1575449
9781910496909,Vintage Roses,12.79,20,12,1663,375690
9781446304419,Vintage fashion bible,10.64,5,11,130,439589
9781780973845,Vintage style,4.3,17,2,52,1535588
9781406365986,Voices from the second world war,8.46,21,2,1234,475389
9780750943994,Vulcan story,7.77,10,13,202,364860
9780241960653,War Memorial,5.27,4,2,259,889515
9780785819431,Water colour artist bible,15.84,4,0,4,1563247
9780007539383,Waterloo Bernard Cornwell,9.27,5,7,99,75882
9781607059974,We love to sew,4.78,4,3,11,1390679
9781782404880,Weather in 30 seconds,13.05,5,1,1,1908231
9781682971437,Weekendtivity,16.12,4,1,6,2218678
9780857201768,Weightwatchers book of recipes,4.83,2,1,10,325441
9780752461939,Wellington bomber story,6.09,15,2,215,415831
9781910551653,Welsh English Dialect,4.11,5,3,27,889252
9780785833246,What Star,16.93,3,0,3,2519036
9781509854042,What the ladybird heard next,5.42,16,597,1352,1731
9781783416615,What's in the box,10.01,5,0,3,1644933
9780857330413,When Cricket was cricket,18.83,2,1,15,1066653
9780857331830,When racing was racing,4.79,5,2,106,922444
9781786707628,Where are the Beatles book and jigsaw,10.79,3,4,103,737587
9781471161001,White Queen,5.79,4,6,36,988222
9781782190141,White boots and miniskirts,2.99,22,4,1495,387143
9781782090939,Wild nature animal giants,2.86,17,0,64,6018882
9781473655928,Wild signs and star paths,6,22,59,935,66476
9781849755740,Wine and food,16.29,4,3,18,1019243
9781597643269,Wolves portrait,5.86,5,0,99,3359364
9781789891164,Wonderful Words At Home,10.49,15,0,2222,2000000
9781789891171,Wonderful Words On the Farm,9.78,15,0,1486,2000000
9781789891157,Wonderful Words On the Go,9.78,15,0,1237,2000000
9781785578274,World ar War,12.99,1,1,2,1756816
9781786480828,World of Tides,7.54,12,10,1179,356891
9781445652061,World war I Fact book,12.99,3,0,1103,7299664
9781784289072,World war I poetry in slipcase,15.48,2,0,1001,4378455
9781844258437,World war II in cartoons,4.98,4,2,7,1592059
9781580134484,Wright brothers,6.23,3,0,1036,4812557
9781784408565,Ye olde sweet shop,3.8,8,2,134,1864103
9781925546118,Year in British wildlife,7.15,13,3,1068,659866
9781488909078,You can draw farm animals,4.99,5,1,142,2384733
9781887354974,Your country needs you,8.75,5,3,76,1039747
9781488939211,Zap Crystal world box set,6.79,8,2,155,1333991
9781488913990,Zap Extreme bouncy balls box set,9.57,3,2,75,1028966
9780349119526,Consider the Lobster,7.3,16,16,68,32818
9780349111117,Freedom in Exile Dalai Lama,7.49,12,21,1033,203205
9781472127860,Heads up my life story,11.49,12,18,1075,236454
9780349008943,Wind in my hair fight for freedom,7.7,7,18,1020,340281
9781780331102,Death of a liar,5.77,4,4,14,443129
9780749954970,A Woman unknown,7.06,4,34,1006,40894
9780263253443,Mind over matter,8.78,2,2,9,583810
9781788639682,New beginnings at Glendale hall,5.99,11,8,1255,177127
9781849014991,Gently by the shore,4.93,10,6,1011,552845
9780857385772,America's mistress Eartha Kitt,7.49,3,5,10,133643
9781592334414,Complete guide to Vegan food substitutions,9.89,9,4,1289,522664
9781445482804,Beginners step by step cook,11.99,1,4,14,338251
9780711239753,Island gardens,15.58,17,15,168,267665
9780711239746,Urban rambles,12.54,18,18,1100,186249
9781905959945,The Beatles I was There,13.59,6,3,141,629510
9780857832573,Camping cookbook,8.99,1,4,1,547002
9780857830692,Chickens,14.99,2,28,1003,88685
9781452125978,50 Ways to wear a scarf,7.99,19,22,142,127314
9781787132566,Crafted,10.8,17,12,130,324374
9781633220881,ART OF PAINTING SEA LIFE IN WATERCOLOUR,14.99,3,5,15,169488
9781781311868,BREW BRITANNIA,9.99,1,3,2,191830
9781910851050,"CHICKEN THAT HATCHED A COW, THE",7.06,1,82,6,231747
9781471159244,"GAMEKEEPER, THE",9.78,2,6,7,168597
9780241248386,"LUNCHBOX BOOK, THE",12.64,0,9,9,211531
9781840924077,"PASTA MACHINE COOKBOOK,THE",10.1,3,8,22,160917
9781788700290,ROGER DALTREY:MY STORY,14.99,4,6,57,105517
9781788400275,SEX PISTOLS:THE BOLLOCK DIARIES,23.09,2,16,24,210152
9781909342804,SHED DECOR,20.8,1,9,15,98326
9781840116472,SOMETIMES,15.26,1,2,1,113913
9780751550719,The Darkest Secret,7.06,3,18,13,197587
9780760355435,ULT EX:MYTHOLOGICAL BEASTS,16.03,2,6,11,178379
9780008300098,From Russia with Blood: Putins Ruthless Killing Campaign and Secret War on the West,8.19,20,33,2152,57105
9781471197772,Dandelion,7.99,15,26,368,65225
9781398502147,The Decameron Project: 29 New Stories from the Pandemic,10.25,10,8,1259,185391
9781529064063,Uncomfortable Conversations with a Black Man,12.18,16,24,1653,66824
9780091900304,The Law Of The Playground: A puerile and disturbing dictionary of playground insults and games,6.02,4,5,50,443527
9781783782314,The Godless Gospel: Was Jesus A Great Moral Teacher?,12.17,16,25,230,178265
9781782099697,Junior Encyclopedia,11.99,3,9,50,318055
9781472124661,Death of a Liar (Hamish Macbeth),6.99,18,5,154,189898
9780749574833,50 Walks in The Lake District (AA 50 Walks series),6.99,4,8,106,179943
9781786310378,Walking the Lake District Fells - Keswick: Skiddaw,10.82,14,39,250,46626
9780752465623,Sailors in the Dock: Naval Courts Martial Down the Centuries [Hardcover] Peter C. Smith,6.98,10,1,114,1706486
9780752437507,Wembley Speedway: The Pre-War Years [Paperback] Lipscombe,7.19,6,2,74,1004780
9780745332765,The Making and Unmaking of a Zionist: A Personal and Political Journey [Hardcover] Antony Lerman,7.69,12,3,122,793803
9781781574249,National Gallery Dot-To-Dot: Great Paintings [Paperback] National Gallery and Protopapa,7.99,2,3,6,655550
9781409354673,Knowledge Encyclopedia Dinosaur!: Over 60 Prehistoric Creatures as Youve Never Seen Them Before,11.79,4,18,106,155780
9780701188108,Memoirs Of A Pet Lamb,8.99,2,1,109,7701566
9781852849566,Outdoor Adventures with Children - Lake District: 40 family days with under 12s exploring,9.63,13,38,192,34889
9781852849016,Walking in Cumbrias Eden Valley: 30 walks between the Yorkshire Dales and the Solway salt marshes,9.59,15,39,1130,35107
9781911445203,The Tinfish Run: 1 (The Tinfish Series) Bassett,7.99,5,2,108,911535
9781852847784,Cycling in the Lake District: Week-Long Tours and Day Rides (Cycling and Cycle Touring Guides) (Cicerone Cycling Guides),10.89,17,16,179,115895
9781786310354,Walking the Lake District Fells - Mardale and the Far East: High Street and Kentmere (British Mountains),10.76,15,24,264,100199
9780091953638,Ex-Patriots (Ex-Heroes) [Paperback] Clines,6.99,3,4,7,632143
9780352347268,Undone (Black Lace) [Paperback] Lloyd,6.99,10,2,224,666649
9780349418025,An Easy Death: the Gunnie Rose series [Paperback] Harris,6.99,16,8,1215,192273
9781901250541,The Science of Love [Paperback] Wilson,7.99,1,1,5,1178420
9781786310323,Walking the Lake District Fells - Langdale: The Langdale Pikes and Bowfell (British Mountains),10.89,15,37,1181,64521
9781842706985,Whos in the Loo?,5.94,13,41,1079,21936
9781786310347,Walking the Lake District Fells - Patterdale: Helvellyn,10.89,15,32,124,65825
9780192727138,The Fish Who Could Wish,5.94,12,32,162,41297
9781786310361,Walking in the Lake District Fells,10.89,16,30,292,78343
9781846866203,Animal Boogie,6.6,16,42,1122,14766
9780857074478,Supertato,5.94,13,4121,2065,626
9781782194231,Chloe Sims The Only Way Is Up My Story,6.58,3,10,55,260723
9780091953362,A Christmas Wish,6.99,8,10,50,467557
9780007299157,Consumed,8.99,15,5,50,516917
9780992872885,The Curious Tale of Fi-Rex,7.99,3,2,101,837627
9780099551058,Dead Set (DI January David),6.8,5,3,1015,604197
9781844008148,Decorating with Laurence Llewelyn-Bowen,11.77,5,6,39,605272
9781843175780,The Devils Graveyard,7.99,2,6,1002,419474
9780571243037,Different drummer: the life of Kenneth MacMillan,11.97,11,6,1099,416141
9780749717551,Falling into Glory,7.79,3,1,64,1342634
9780745333625,The Financial Crisis and the Global South: A Development Perspective,17.98,7,1,55,2013427
9780099575757,The Fun Stuff and Other Essays,7.46,10,8,136,449970
9781408830369,Golden Scales (Makana Mystery),8.99,21,3,1189,355701
9780857532701,Happily Never After,6.19,3,1,50,785723
9781845076085,Out of the Dust,7.99,2,6,50,529872
9780720612318,Paul & Virginia,7.4,11,4,1225,687092
9781910884027,Dreamy Me (The Me Me Mes),6.24,2,1,50,817819
9780755334858,Tilly Trotter Wed,6.97,2,3,50,373844
9781789090857,Dark Vault,6.54,20,10,1134,141954
9781910500873,Disputed Earth: Geology and Trench Warfare on the Western Front 191418,12.16,4,5,50,563892
9781785653575,Exiles Of Valdemar Valdemar Omnibus,7.06,16,2,238,417715
9781910620274,Geis II: A Game Without Rules,8.11,15,7,191,362565
9780571290017,Madame Zero,9.22,5,15,110,243337
9781472520692,Williams Plays: 4: Sucker Punch,9.9,8,4,1216,428770
9781785658631,Vengeful,8.15,20,31,242,32862
9780701173340,Memoirs of a Pet Lamb,11.75,1,1,1009,7383376
9781905411443,Motherwell FC Miscellany: Steelmen Trivia,7.77,2,7,50,590826
9780753512104,Peter Alliss Golf Heroes,6.68,3,10,75,507961
9781848890343,Privilege & Poverty: The Life and Times of Irish Painter and Naturalist Alexander Williams,11.4,5,3,50,1077624
9780713664102,Robert Stewart : Design 1946-1995,22.33,2,3,105,863818
9781631590603,Rubber Band Glam: A Rainbow of Dazzling Beaded Designs for Bracelets,6.82,5,2,50,1608622
9780708320310,Cornwall: A Concise History (Histories of Europe),6.98,4,2,50,917178
9780571226252,Digital Filmmaking,5.56,7,3,160,559910
9780745327846,The European Union and Turkish Accession: Human Rights and the Kurds,17.55,5,1,1011,2916349
9781848509450,Everything Ive Ever Learned about Change. Lesley Garner,5.3,2,1,50,502246
9781905736324,High Tea in Mosul: The true story of two Englishwomen in war-torn Iraq,6.88,1,2,50,1502675
9781845029890,Tales from the Dugout,7.63,12,5,70,471277
9781788885225,Artists Materials,8.72,21,2,1244,867718
9781789500066,The Battle of the Bulge: The Allies Greatest Conflict on the Western Front,7.57,20,4,1137,365577
9789887774648,Camo Mania: New Disruptive Patterns in Design,11.14,12,2,1136,850508
9781785905209,Critical Times,7.04,21,20,1393,206469
9781445686561,The Defeat of the Luftwaffe: The Eastern Front 1941-45,6.92,12,1,1281,1099946
9781445675602,Der Kapitan : U-Boat Ace Hans Rose,8.3,11,1,2355,1115054
9781788284806,Drawing Figures,7.79,17,3,1239,429080
9781445664927,Dundee in 50 Buildings,10.6,13,2,1023,708478
9781784287597,Felt Decorations,7.79,15,3,1114,254449
9781788883948,Get Creative!: Unleash Your Inner Artist,9.86,4,1,50,3198743
9781788280853,The Ghost Army,7.05,14,4,1212,503367
9781849393843,The Great Sheep Shenanigans,5.99,12,18,1281,132246
9781783447329,Hampstead the Hamster,5.95,19,16,1186,236651
9781445676067,Historic England: Bath: Unique Images from the Archives of Historic England,9.3,9,1,1626,2138726
9781785900624,How to Be a Government Whip,7.78,12,3,327,530385
9781785902192,How To Be A Police Officer,7.99,17,29,256,163978
9781784046576,Inspiring Zentangle Projects,8.2,16,5,52,364962
9781789509649,Life Under Nazi Occupation,7.75,13,4,1230,904603
9781842709481,Millies Marvellous Hat,6.46,20,15,146,160321
9781848684584,Norwich Through Time,10.46,10,2,50,662909
9781445664064,Portsmouth in 50 Buildings,14.18,3,4,50,671424
9781783444199,The Prince and the Porker,5.99,17,6,310,395373
9781785901270,The New Philistines (Provocations),6.99,14,6,172,194264
9781445690285,The Real Vampires: Death,14.01,13,2,2705,992855
9781783445394,Red Riding Hood,5.86,16,5,1339,385096
9781842709016,The Snow Queen,6.49,14,27,183,204065
9781783440788,The Spring Rabbit,6.06,13,3,1001,265350
9781848585409,Street Art: From Around the World,7.29,24,41,1164,86430
9781842700839,War and Peas,5.8,7,15,50,237095
9781783445455,The Worlds Laziest Duck: And Other Amazing Records,5.94,17,3,1083,374111
9780224075107,Jacobs Beach: The Mob,8.26,3,2,50,763266
9781592539246,20 Ways to Draw a Doodle and 44 Other Zigzags,8.08,4,6,50,326136
9781845436025,Animal Knits for Kids,9.22,2,1,50,727217
9781405394338,Britain from Above: Month by Month,8.95,7,1,50,721941
9781445661643,Her Finest Hour: The Heroic Life of Diana Rowden,12.75,5,2,50,522221
9780008193492,In the Darkroom,13.07,6,2,50,897921
9780752424125,Leyton Orient Football Club (The Men Who Made),12.58,4,4,1004,599732
9780857687753,Harry Potter Page to Screen: The Complete Filmmaking Journey,17.5,14,10,50,203552
9781782438120,Red Glory: Manchester United and Me,9.62,7,11,52,255150
9781781311479,Runner: A short story about a long run,7.01,2,11,50,250651
9781910254479,Upcycling: 20 Creative Projects Made from Reclaimed Materials,10.14,18,43,1154,84974
9780230748088,The End of the Cold War: 1985-1991,14.99,5,7,50,350243
9781909178700,Grobar: Partizan Pleasure,11.13,4,2,50,443921
9781849499583,Ice Kitchen Poptails: 50 Sensationally Intoxicating Cocktail Lollies,11.65,1,8,50,407118
9781576878606,Jonathan Olivares Selected Works,19.95,5,1,50,979357
9780091954239,King John: Treachery,10.49,6,22,50,170576
9780750967297,The Kitchener Enigma: The Life and Death of Lord Kitchener of Khartoum,10.79,5,7,110,459651
9781785904882,Punch & Judy Politics: An Insiders Guide to Prime Ministers Questions,6.79,13,25,248,177600
9780711033429,Tunnel Vision,14.11,3,1,50,1021034
9781909399402,Weekly World News,18,3,2,106,690602
9781849904322,Easy Cook Express: Over 100 Quick Recipes for Busy People,8.31,1,2,50,421835
9781847737526,Fun with Stitching: 35 Cute Sewing Projects to Turn Everyday Items into Works of Art,11.12,2,1,50,708549
9780857331816,When Football Was Football: Southampton: A Nostalgic Look at a Century of the Club,11.71,3,3,98,349128
9780006550167,Georgiana Duchess of Devonshire,11.31,14,34,1505,120995
9781847809476,Sticker Art Woodland,9.34,2,1,50,1070059
9781911171423,Under the Canopy: Trees Around the World,11.99,18,27,1158,222057
9781631061165,Never Quit Drawing: Sketch Your Way to an Everyday Art Habit,8.03,6,1,50,900358
9780571307883,Kitchen Disco,5.94,19,60,1360,3934
9781786310316,Walking the Lake District Fells - Wasdale: The Scafells,9.62,15,40,1166,40374
9780349418032,An Easy Death: the Gunnie Rose series ,6.99,16,8,1215,192273