isbn13,Qty,Title,Cost,Total price,date,wholesaler
9789654941280,25,Biochemical Key,0.25,6.25,11/11/2020,A
9781785310461,10,Building The Dynasty: Manchester United 1946-1958,0.25,2.5,11/11/2020,A
9780099543084,10,Bullet Proof,0.25,2.5,11/11/2020,A
9781909178335,10,"Can't Sleep, Can't Train, Can't Stop: More Misadventures In Triathlon",0.25,2.5,11/11/2020,A
9781782194231,18,Chloe Sims - The Only Way is Up - My Story,0.25,4.5,11/11/2020,A
9780091953362,25,Christmas Wish,0.25,6.25,11/11/2020,A
9781844009824,25,Classic Voices In Food - The Gentle Art Of Cookery,0.25,6.25,11/11/2020,A
9780007299157,25,Consumed,0.25,6.25,11/11/2020,A
9781905367108,50,Core Workout,0.25,12.5,11/11/2020,A
9780992872885,25,Curious Tale Of Fi-Rex!,0.25,6.25,11/11/2020,A
9781781801031,10,Daily Love: Growing Into Grace,0.25,2.5,11/11/2020,A
9780099551058,10,Dead Set,0.25,2.5,11/11/2020,A
9780571278527,25,Death Of A Polaroid - A Manics Family Album,0.25,6.25,11/11/2020,A
9781785310546,25,Death Of Rugby,0.25,6.25,11/11/2020,A
9781844008148,5,Decorating With Laurence Llewelyn-Bowen,0.25,1.25,11/11/2020,A
9781843175780,32,Devil's Graveyard,0.25,8,11/11/2020,A
9780571243037,12,Different Drummer - The Life of Kenneth MacMillan,0.25,3,11/11/2020,A
9780745333540,10,Doomed By Hope - Essays On Arab Theatre,0.25,2.5,11/11/2020,A
9780224098274,10,Dreamstreets: A Journey Through Britain's Village Utopias,0.25,2.5,11/11/2020,A
9780571270095,10,Enough is Enough,0.25,2.5,11/11/2020,A
9780091953645,10,Ex-Communication,0.25,2.5,11/11/2020,A
9781847373687,25,FA Confidential,0.25,6.25,11/11/2020,A
9780749717551,10,Falling Into Glory,0.25,2.5,11/11/2020,A
9781843440130,56,Fast Company,0.25,14,11/11/2020,A
9780224092357,10,Federer & Me: A Story Of Obsession,0.25,2.5,11/11/2020,A
9780745333625,8,Financial Crisis & The Global South,0.25,2,11/11/2020,A
9781909471580,10,Focused: My Life In Pictures,0.25,2.5,11/11/2020,A
9781847672933,56,"For Richer, For Poorer",0.25,14,11/11/2020,A
9780861661848,25,From Hell Companion,0.25,6.25,11/11/2020,A
9780099575757,25,Fun Stuff & Other Essays,0.25,6.25,11/11/2020,A
9780753522363,10,Future Babble,0.25,2.5,11/11/2020,A
9780563522720,10,Gastronaut,0.25,2.5,11/11/2020,A
9780752449968,25,"German Schoolboy, British Commando",0.25,6.25,11/11/2020,A
9780715332023,25,Ghosts Caught On Film 2,0.25,6.25,11/11/2020,A
9780091912406,10,Girl With A One Track Mind,0.25,2.5,11/11/2020,A
9780752449043,30,Glamour In The Skies: The Golden Age of the Air Stewardess,0.25,7.5,11/11/2020,A
9781905326693,28,Glory Glory! Man Utd In The '90s: The Players' Stoires (Manchester,0.25,7,11/11/2020,A
9780007375226,25,God Species,0.25,6.25,11/11/2020,A
9781408830369,10,Golden Scales: A Makana Investigation,0.25,2.5,11/11/2020,A
9781781311622,25,Greasepaint & Cordite,0.25,6.25,11/11/2020,A
9780857532701,26,Happily Never After...Modern Cautionary Verse,0.25,6.5,11/11/2020,A
9781845076085,10,Out Of The Dust,0.25,2.5,11/11/2020,A
9780720612318,10,Paul & Virginia,0.25,2.5,11/11/2020,A
9781847771933,10,PLACE,0.25,2.5,11/11/2020,A
9780099513650,10,Pursuit,0.25,2.5,11/11/2020,A
9780352335883,50,Stella Does Hollywood,0.25,12.5,11/11/2020,A
9781910884027,0,The Me Me Me's: Dreamy Me,0.25,0,11/11/2020,A
9780755334858,10,Tilly Trotter Wed,0.25,2.5,11/11/2020,A
9781789090857,5,Dark Vault,1.5,7.5,13/11/2020,A
9781910500873,5,Disputed Earth: Geology & Trench Warfar,3,15,13/11/2020,A
9781785653575,5,Exiles of Valdemar: A Valdemar Omnibus,2,10,13/11/2020,A
9781910620274,5,Geis: A Game Without Rules,2,10,13/11/2020,A
9780571290017,5,Madame Zero,1.5,7.5,13/11/2020,A
9781472520692,5,Roy Williams: Plays 4,1.5,7.5,13/11/2020,A
9781785658631,5,Vengeful,1.5,7.5,13/11/2020,A
9781909178441,25,Great English Final  (Blackpool / Bolton Wanderers),0.25,6.25,23/11/2020,A
9780752843803,5,Guardian Columns 1998-2000,0.25,1.25,23/11/2020,A
9781905156849,5,Henry Cecil: Trainer Of Genius,0.25,1.25,23/11/2020,A
9781446302583,50,Introduction To Wedding Photography,0.25,12.5,23/11/2020,A
9781785310492,35,It's Mick Not Mike  (Manchester United),0.25,8.75,23/11/2020,A
9780752455129,35,James Fitzjames - The Mystery Man Of The Franklin Expedition,0.25,8.75,23/11/2020,A
9781847250179,10,Jew Suss,0.25,2.5,23/11/2020,A
9780091899202,5,King Nicholas and the Copeman Empire,0.25,1.25,23/11/2020,A
9781847390059,5,Life On Mars - The Official Companion,0.25,1.25,23/11/2020,A
9781781801932,35,Life's Operating Manual,0.25,8.75,23/11/2020,A
9780859653176,25,Lindsay Anderson: Never Apologise - The Collected Writings,0.25,6.25,23/11/2020,A
9780750938297,25,Longest Journey - Sussex's Championship Triumph,0.25,6.25,23/11/2020,A
9780276444012,35,Looking Back At Britain - 1970s: Flower Power To Union Power,0.25,8.75,23/11/2020,A
9780701173340,5,Memoirs of a Pet Lamb,0.25,1.25,23/11/2020,A
9781905411443,25,Motherwell F.C.Miscellany,0.25,6.25,23/11/2020,A
9781907637575,5,Moz: My Story  (Leeds/Warrington/Bradford),0.25,1.25,23/11/2020,A
9780224100021,5,"Night Games: Sex, Power & A Journey Into The Dark Heart Of Sport",0.25,1.25,23/11/2020,A
9781849543750,10,Odd Couple: The Curious Friendship Between Kingsley Amis & Philip Larkin,0.25,2.5,23/11/2020,A
9781787130326,10,Of Cats & Men: Profiles of History's Great Cat-Loving Arrtists etc.,0.25,2.5,23/11/2020,A
9781445638614,25,Oldham Athletic: A Pictorial History,0.25,6.25,23/11/2020,A
9781785310799,10,Penalty King  (Rangers),0.25,2.5,23/11/2020,A
9781840464184,25,Pendulum Years,0.25,6.25,23/11/2020,A
9780753512104,25,Peter Alliss' Golf Heroes,0.25,6.25,23/11/2020,A
9781849548144,25,Pitch Black: The Story of Black British Footballers,0.25,6.25,23/11/2020,A
9781848502406,25,Positive Drinking,0.25,6.25,23/11/2020,A
9781408105870,75,Practical Textiles Techniques,0.25,18.75,23/11/2020,A
9780091941833,10,Princess Matilda Comes Home,0.25,2.5,23/11/2020,A
9781848890343,25,Privilege & Poverty - Alexander Williams 1846-1930,0.25,6.25,23/11/2020,A
9781504800129,25,Professional Results: Soft Furnishings,0.25,6.25,23/11/2020,A
9781849161732,25,Prometheans,0.25,6.25,23/11/2020,A
9781909626362,50,Punk Football: The Rise of Fan Ownership In English Football,0.25,12.5,23/11/2020,A
9781785312120,5,Real Roy Of The Rovers Stuff,0.25,1.25,23/11/2020,A
9781905367597,5,Recognise Yourself: Beauty Despite Cancer,0.25,1.25,23/11/2020,A
9780571251674,5,Red Tory,0.25,1.25,23/11/2020,A
9781848502567,5,Right Time Baby,0.25,1.25,23/11/2020,A
9781907637513,5,Riis - Stages Of Light & Dark,0.25,1.25,23/11/2020,A
9780857331786,5,Rivals: Newcastle United Vs Sunderland (Classic Tyne & Wear Derby Games),0.25,1.25,23/11/2020,A
9780713664102,50,Robert Stewart: Design 1946-95,0.25,12.5,23/11/2020,A
9781631590603,50,Rubber Band Glam,0.25,12.5,23/11/2020,A
9781906509293,25,Sarah Raphael,0.25,6.25,23/11/2020,A
9780810996151,50,Saxophone Colossus: A Portrait of Sonny Rollins,0.25,12.5,23/11/2020,A
9781781801789,35,Secret Female Hormone: How Testosterone Replacement Can Change Your Life,0.25,8.75,23/11/2020,A
9781848500181,5,Secret Pleasures Of Menopause  (uk & europe only),0.25,1.25,23/11/2020,A
9781785310119,35,Sex & Drugs & Rebel Tours: The England Cricket Team in the 80s,0.25,8.75,23/11/2020,A
9780752449845,5,Soldiers Of The Queen,0.25,1.25,23/11/2020,A
9781782436638,5,Star Trek: Redshirt's Little Book Of Doom,0.25,1.25,23/11/2020,A
9781408131343,10,Stitching Pictures,0.25,2.5,23/11/2020,A
9781909471535,50,Strictly Classified: Insights Into The Trainer's Mind,0.25,12.5,23/11/2020,A
9781787132535,10,First Knits: 20 Irresistible Knits For Babies,3,30,09/12/2020,A
9781785658631,30,Vengeful,1.5,45,09/12/2020,A
9781683690863,10,We Sould Our Souls,1.5,15,09/12/2020,A
9780091926960,10,3 Commando Brigade,0.25,2.5,17/12/2020,A
9780091778378,10,35MM Handbook,0.25,2.5,17/12/2020,A
9780571250592,10,Afterglow Of Creation,0.25,2.5,17/12/2020,A
9781842433201,10,Asian Horror,0.25,2.5,17/12/2020,A
9780752457055,10,Bats In The Larder - Memories of a 1970s Childhood By The Sea,0.25,2.5,17/12/2020,A
9780091885786,10,Clubland Confidential,0.25,2.5,17/12/2020,A
9780745332031,10,Complacency & Collusion: A Critical Introduction to Business & Financial,0.25,2.5,17/12/2020,A
9781905745166,10,Confessions of a Showman,0.25,2.5,17/12/2020,A
9780708320310,16,Cornwall - A Concise History,0.25,4,17/12/2020,A
9781452101415,10,Craft Inc.,0.25,2.5,17/12/2020,A
9780007183166,10,Democracy Needs Aristocracy,0.25,2.5,17/12/2020,A
9780571243037,6,Different Drummer - The Life of Kenneth MacMillan,0.25,1.5,17/12/2020,A
9780571226252,10,Digital Film-Making,0.25,2.5,17/12/2020,A
9780099569329,10,Don't Let The Bastards Grind You Down,0.25,2.5,17/12/2020,A
9780552778008,10,Don't Sweat The Aubergine,0.25,2.5,17/12/2020,A
9780760351840,10,EAA Oshkosh: The Best Airventure Photography,0.25,2.5,17/12/2020,A
9780752441368,12,Edmund Gosse - A Literary Landscape,0.25,3,17/12/2020,A
9780745327846,18,European Union & Turkish Accession,0.25,4.5,17/12/2020,A
9781848509450,8,Everything I've Ever Learned About Change,0.25,2,17/12/2020,A
9781847672933,56,"For Richer, For Poorer",0.25,14,17/12/2020,A
9780752449968,24,"German Schoolboy, British Commando",0.25,6,17/12/2020,A
9781905156849,10,Henry Cecil: Trainer Of Genius,0.25,2.5,17/12/2020,A
9781905736324,46,High Tea In Mosul,0.25,11.5,17/12/2020,A
9781906502157,10,Hornchurch Offensive,0.25,2.5,17/12/2020,A
9781848505919,12,How I Said Bah! To Cancer,0.25,3,17/12/2020,A
9781910498699,10,Hurricane Fly: The Ultimate Hurdler,0.25,2.5,17/12/2020,A
9781446303375,10,I Love Cross Stitch: Alphabet Collection,0.25,2.5,17/12/2020,A
9780224075091,10,Jacobs Beach,0.25,2.5,17/12/2020,A
9780713684865,20,Jiu Jitsu For All - Brown Belt to Black Belt,0.25,5,17/12/2020,A
9781445611464,10,Kilmarnock Fact Book (Scotland),0.25,2.5,17/12/2020,A
9781408114131,10,Know The Game - Pool,0.25,2.5,17/12/2020,A
9780091900304,16,Law Of The Playground,0.25,4,17/12/2020,A
9780752452524,10,Letters From An Airfield (Suffolk),0.25,2.5,17/12/2020,A
9780753513521,10,Made In Brighton,0.25,2.5,17/12/2020,A
9781782197584,10,Making God Laugh,0.25,2.5,17/12/2020,A
9781848501430,10,Man Who Drove With His Eyes Closed (uk & europe only),0.25,2.5,17/12/2020,A
9781849544627,10,Meat Fix,0.25,2.5,17/12/2020,A
9781841952079,10,Misadventures,0.25,2.5,17/12/2020,A
9780099538035,10,Narcomania - How Britain Got Hooked On Drugs,0.25,2.5,17/12/2020,A
9781857703405,10,Natural Kent,0.25,2.5,17/12/2020,A
9781783520374,10,No.9 Bus To Utopia,0.25,2.5,17/12/2020,A
9781787130326,20,Of Cats & Men: Profiles of History's Great Cat-Loving Arrtists etc.,0.25,5,17/12/2020,A
9781780910048,20,On The Run Around Manchester,0.25,5,17/12/2020,A
9780747565581,10,Pain: the Science & Culture of Why We Hurt,0.25,2.5,17/12/2020,A
9781401915643,10,"Past, Present & Future",0.25,2.5,17/12/2020,A
9780753512104,46,Peter Alliss' Golf Heroes,0.25,11.5,17/12/2020,A
9780571196968,10,Planet Of The Blind,0.25,2.5,17/12/2020,A
9780713688092,16,Practical Printmaking,0.25,4,17/12/2020,A
9780091941833,10,Princess Matilda Comes Home,0.25,2.5,17/12/2020,A
9781401910907,10,Psychic Healing (uk & europe only),0.25,2.5,17/12/2020,A
9780863565281,10,"Raw Memory - Prijedor, Laboratory of Ethnic Cleansing",0.25,2.5,17/12/2020,A
9781846040436,12,Realm Beyond,0.25,3,17/12/2020,A
9781905367597,10,Recognise Yourself: Beauty Despite Cancer,0.25,2.5,17/12/2020,A
9780747596035,10,Red Azalea,0.25,2.5,17/12/2020,A
9780571251674,12,Red Tory,0.25,3,17/12/2020,A
9781844548941,10,Richard Dunwoody: Horses Of My Life (Ireland),0.25,2.5,17/12/2020,A
9780745329277,10,Ricin! The Inside Story Of The Terror Plot That Never Was,0.25,2.5,17/12/2020,A
9780711224094,10,Rock Climbing In Scotland,0.25,2.5,17/12/2020,A
9781906850692,10,Rock'n'Roll Soccer: The Short Life & Fast Times of the N.American Soccer,0.25,2.5,17/12/2020,A
9780571190621,12,Secret Muses - The Life Of Frederick Ashton,0.25,3,17/12/2020,A
9780099533597,10,Smoking Ears & Screaming Teeth,0.25,2.5,17/12/2020,A
9780750963985,10,Springer Spaniels,0.25,2.5,17/12/2020,A
9781907532245,10,Steamy Sex,0.25,2.5,17/12/2020,A
9780091954994,16,Stop Overeating,0.25,4,17/12/2020,A
9781845433765,24,Surfing Handbook,0.25,6,17/12/2020,A
9781845029890,10,Tales From The Dugout: Football at the Sharp End,0.25,2.5,17/12/2020,A
9781783521043,10,Ta-Ra-Ra Boom De-Ay: The Dodgy Business of Popular Music,0.25,2.5,17/12/2020,A
9781472901804,10,Team Handball 101,0.25,2.5,17/12/2020,A
9780099440734,10,The Book of Colour,0.25,2.5,17/12/2020,A
9780571234790,10,Trickster Travels,0.25,2.5,17/12/2020,A
9780753821480,10,Voyageur,0.25,2.5,17/12/2020,A
9781907637094,10,We're The Famous Man Utd: Old Trafford In The 80s- The Players's Stories,0.25,2.5,17/12/2020,A
9781908041326,10,Why Willows Weep: Contemporary Tales From The Woods,0.25,2.5,17/12/2020,A
9780720611052,10,Window In The Corner - a Half-Century of Children's TV,0.25,2.5,17/12/2020,A
9781788885225,5,Artists' Materials: The Complete Sourcebook of Methods & Media,2.5,12.5,04/01/2021,A
9781789500066,5,Battle Of The Bulge: Hitler's Final Gamble In Western Europe,2,10,04/01/2021,A
9789887774648,5,Camo Mania: New Disruptive Patterns In Design,4,20,04/01/2021,A
9781785905209,10,Critical Times,2.5,25,04/01/2021,A
9781445686561,5,Defeat Of The Luftwaffe,2,10,04/01/2021,A
9781445675602,5,Der Kapitan: U-Boat Ace Hans Rose,4,20,04/01/2021,A
9781788284806,5,Drawing Figures: A Practical Course For Artists,2,10,04/01/2021,A
9781445664927,12,Dundee In 50 Buildings,3,36,04/01/2021,A
9781784287597,5,Felt Decorations,1.75,8.75,04/01/2021,A
9781788883948,5,Get Creative,2,10,04/01/2021,A
9781788280853,5,Ghost Army: Conning The Third Reich,2,10,04/01/2021,A
9781849393843,5,Great Sheep Shenanigans,1.25,6.25,04/01/2021,A
9781783447329,5,Hampstead The Hamster,1,5,04/01/2021,A
9781445676067,5,Historic England: Bath,3,15,04/01/2021,A
9781785900624,5,How To Be A Government Whip,2,10,04/01/2021,A
9781785902192,10,How To Be A Police Officer,2,20,04/01/2021,A
9781784046576,10,Inspiring Zentangle Projects,1.5,15,04/01/2021,A
9781789509649,5,Life Under Nazi Occupation: The Struggle to Survive During WWII,1.75,8.75,04/01/2021,A
9781842709481,5,Millie's Marvellous Hat,1.25,6.25,04/01/2021,A
9781848684584,5,Norwich Through Time,3,15,04/01/2021,A
9781445664064,5,Portsmouth In 50 Buildings,3,15,04/01/2021,A
9781783444199,5,Prince & The Porker,1.25,6.25,04/01/2021,A
9781785901270,5,Provocations: The New Philistines,1.5,7.5,04/01/2021,A
9781445690285,7,"Real Vampires: Death, Terror & The Supernatural",3.5,24.5,04/01/2021,A
9781783445394,5,Red Riding Hood,1.25,6.25,04/01/2021,A
9781842709016,5,Snow Queen,1.5,7.5,04/01/2021,A
9781783440788,5,Spring Rabbit,1.25,6.25,04/01/2021,A
9781848585409,5,Street Art From Around The World,2,10,04/01/2021,A
9781842700839,5,War & Peas,1,5,04/01/2021,A
9781783445455,5,World's Laziest Duck & Other Amazing Records,1.25,6.25,04/01/2021,A
9781785905209,18,Critical Times,2.5,45,21/01/2021,A
9781683690863,38,We Sold Our Souls,1.5,57,21/01/2021,A
9781787132535,24,First Knits: 20 Irresistible Knits For Babies,3,72,29/01/2021,A
9781842709016,30,Snow Queen,1.5,45,29/01/2021,A
9781848585409,14,Street Art From Around The World,2,28,29/01/2021,A
9780571250592,10,Afterglow Of Creation,0.25,2.5,04/02/2021,A
9781844009824,60,Classic Voices In Food - The Gentle Art Of Cookery,0.25,15,04/02/2021,A
9780091885786,20,Clubland Confidential,0.25,5,04/02/2021,A
9781905745166,20,Confessions of a Showman,0.25,5,04/02/2021,A
9780571244546,24,Dark Spectre,0.25,6,04/02/2021,A
9780826431394,20,De-Cluttered School,0.25,5,04/02/2021,A
9780091953638,24,Ex-Patriots,0.25,6,04/02/2021,A
9781847672933,56,"For Richer, For Poorer",0.25,14,04/02/2021,A
9780861661848,60,From Hell Companion,0.25,15,04/02/2021,A
9780753522363,10,Future Babble,0.25,2.5,04/02/2021,A
9781781311622,10,Greasepaint & Cordite,0.25,2.5,04/02/2021,A
9780750928045,24,Greatest Storm: Britain's Night Of Destruction November,0.25,6,04/02/2021,A
9781905156849,10,Henry Cecil: Trainer Of Genius,0.25,2.5,04/02/2021,A
9781910498699,20,Hurricane Fly: The Ultimate Hurdler,0.25,5,04/02/2021,A
9780352341969,10,Indecent Pursuit,0.25,2.5,04/02/2021,A
9781847390059,10,Life On Mars - The Official Companion,0.25,2.5,04/02/2021,A
9780276444012,10,Looking Back At Britain - 1970s: Flower Power To Union Power,0.25,2.5,04/02/2021,A
9780745332765,20,Making & Unmaking Of A Zionist: A Personal & Political Journey,0.25,5,04/02/2021,A
9781907637575,18,Moz: My Story (Leeds/Warrington/Bradford),0.25,4.5,04/02/2021,A
9780593065778,20,No Expenses Spared,0.25,5,04/02/2021,A
9780224098304,20,Other People's Countries: A Journey Into Memory,0.25,5,04/02/2021,A
9781785310799,10,Penalty King (Rangers),0.25,2.5,04/02/2021,A
9781849548144,12,Pitch Black: The Story of Black British Footballers,0.25,3,04/02/2021,A
9781848502406,10,Positive Drinking,0.25,2.5,04/02/2021,A
9780713688092,16,Practical Printmaking,0.25,4,04/02/2021,A
9780091941833,10,Princess Matilda Comes Home,0.25,2.5,04/02/2021,A
9781785312120,26,Real Roy Of The Rovers Stuff,0.25,6.5,04/02/2021,A
9780747596035,10,Red Azalea,0.25,2.5,04/02/2021,A
9781907637513,16,Riis - Stages Of Light & Dark,0.25,4,04/02/2021,A
9780752421698,10,Roger Freestone - Another Day At The Office (Newport / Chelsea / Swansea / Hereford),0.25,2.5,04/02/2021,A
9780752465623,16,Sailors In The Dock,0.25,4,04/02/2021,A
9781901250541,9,Science of Love,0.25,2.25,04/02/2021,A
9781781801789,20,Secret Female Hormone: How Testosterone Replacement Can Change Your Life,0.25,5,04/02/2021,A
9780571290321,24,Secrets Of The Conqueror,0.25,6,04/02/2021,A
9780224101684,25,Stairwell,0.25,6.25,04/02/2021,A
9781848093249,5,Sworn Sword,0.25,1.25,04/02/2021,A
9781909653146,48,Theory & Practice Of Gamesmanship,0.25,12,04/02/2021,A
9781911445203,20,Tinfish Run,0.25,5,04/02/2021,A
9780752447513,16,Tom Cribb - The Life of the Black Diamond,0.25,4,04/02/2021,A
9780571234790,10,Trickster Travels,0.25,2.5,04/02/2021,A
9780571272198,30,TV Go Home,0.25,7.5,04/02/2021,A
9781847960368,24,Ugly: The Aesthetics of Everything,0.25,6,04/02/2021,A
9780352347268,20,Undone,0.25,5,04/02/2021,A
9780861661824,17,Unearthing,0.25,4.25,04/02/2021,A
9780571251285,69,Unwinding: An Inner History of the New America,0.25,17.25,04/02/2021,A
9781861540508,24,Urgent Images - The Graphic Language Of The Fax,0.25,6,04/02/2021,A
9780752437507,20,Wembley Speedway - The Pre-War Years (London),0.25,5,04/02/2021,A
9780571239795,20,Woman Who Shot Mussolini,0.25,5,04/02/2021,A
9781849547130,48,Xavier: A British Secret Agent With The French Resistance,0.25,12,04/02/2021,A
9781842709481,70,Millie's Marvellous Hat,1.25,87.5,09/02/2021,A
9781783445394,36,Red Riding Hood,1.25,45,09/02/2021,A
9781787132535,48,First Knits: 20 Irresistible Knits For Babies,3,144,19/02/2021,A
9780099477471,20,1 Out Of 10,0.25,5,19/02/2021,A
9780091778378,40,35MM Handbook,0.25,10,19/02/2021,A
9781842433201,56,Asian Horror,0.25,14,19/02/2021,A
9781785310461,20,Building The Dynasty: Manchester United 1946-1958,0.25,5,19/02/2021,A
9780571278527,16,Death Of A Polaroid - A Manics Family Album,0.25,4,19/02/2021,A
9781909471580,20,Focused: My Life In Pictures,0.25,5,19/02/2021,A
9781847672933,56,"For Richer, For Poorer",0.25,14,19/02/2021,A
9780752449043,30,Glamour In The Skies: The Golden Age of the Air Stewardess,0.25,7.5,19/02/2021,A
9780352345264,20,Going Too Far,0.25,5,19/02/2021,A
9780752843803,20,Guardian Columns 1998-2000,0.25,5,19/02/2021,A
9781906502157,20,Hornchurch Offensive,0.25,5,19/02/2021,A
9780224075107,28,Jacobs Beach,0.25,7,19/02/2021,A
9780752455129,24,James Fitzjames - The Mystery Man Of The Franklin Expedition,0.25,6,19/02/2021,A
9780713684865,20,Jiu Jitsu For All - Brown Belt to Black Belt,0.25,5,19/02/2021,A
9780091900304,3,Law Of The Playground,0.25,0.75,19/02/2021,A
9781847390059,10,Life On Mars - The Official Companion,0.25,2.5,19/02/2021,A
9780099502999,20,Love Against All Odds,0.25,5,19/02/2021,A
9780099538035,24,Narcomania - How Britain Got Hooked On Drugs,0.25,6,19/02/2021,A
9781787130326,60,Of Cats & Men: Profiles of History's Great Cat-Loving Arrtists etc.,0.25,15,19/02/2021,A
9781445638614,20,Oldham Athletic: A Pictorial History,0.25,5,19/02/2021,A
9781504800129,20,Professional Results: Soft Furnishings,0.25,5,19/02/2021,A
9781849161732,40,Prometheans,0.25,10,19/02/2021,A
9780099513650,10,Pursuit,0.25,2.5,19/02/2021,A
9781846040436,12,Realm Beyond,0.25,3,19/02/2021,A
9780747596035,40,Red Azalea,0.25,10,19/02/2021,A
9781848502567,20,Right Time Baby,0.25,5,19/02/2021,A
9780857331786,10,Rivals: Newcastle United Vs Sunderland (Classic Tyne & Wear Derby Games),0.25,2.5,19/02/2021,A
9780099598664,20,Roy Of The Rovers: The Official Autobiography,0.25,5,19/02/2021,A
9781906509293,24,Sarah Raphael,0.25,6,19/02/2021,A
9781847941329,20,Second Curve: Thoughts On Reinventing Society,0.25,5,19/02/2021,A
9780571190621,24,Secret Muses - The Life Of Frederick Ashton,0.25,6,19/02/2021,A
9781848500181,20,Secret Pleasures Of Menopause (uk & europe only),0.25,5,19/02/2021,A
9780752449845,20,Soldiers Of The Queen,0.25,5,19/02/2021,A
9780750963985,60,Springer Spaniels,0.25,15,19/02/2021,A
9781845136628,16,Standing My Ground,0.25,4,19/02/2021,A
9781408131343,20,Stitching Pictures,0.25,5,19/02/2021,A
9780980274288,20,Story Of The Fly And How It Could Save The World,0.25,5,19/02/2021,A
9781472901804,26,Team Handball 101,0.25,6.5,19/02/2021,A
9780099440734,20,The Book of Colour,0.25,5,19/02/2021,A
9781787130982,20,Tiny Histories: Trivial Events & Trifling Decisions That Changed British History,0.25,5,19/02/2021,A
9780224083256,20,Twirlymen,0.25,5,19/02/2021,A
9781907637094,40,We're The Famous Man Utd: Old Trafford In The 80s- The Players's Stories (Manchester),0.25,10,19/02/2021,A
9781908041326,20,Why Willows Weep: Contemporary Tales From The Woods,0.25,5,19/02/2021,A
9781789500066,20,Battle Of The Bulge: Hitler's Final Gamble In Western Europe,2,40,04/03/2021,A
9781787132535,24,First Knits: 20 Irresistible Knits For Babies,3,72,04/03/2021,A
9781788280853,20,Ghost Army: Conning The Third Reich,2,40,04/03/2021,A
9781785902192,16,How To Be A Police Officer,2,32,04/03/2021,A
9781848585409,28,Street Art From Around The World,2,56,04/03/2021,A
9781910500873,18,Disputed Earth: Geology & Trench Warfare on the Western Front 1914-18,3,54,04/03/2021,A
9781783447329,20,Hampstead The Hamster,1,20,04/03/2021,A
9781784046576,20,Inspiring Zentangle Projects,1.5,30,04/03/2021,A
9781787132535,96,First Knits: 20 Irresistible Knits For Babies,3,288,18/03/2021,A
9781848585409,28,Street Art From Around The World,2,56,18/03/2021,A
9781787132535,48,First Knits: 20 Irresistible Knits For Babies,3,144,24/03/2021,A
9781785658631,30,Vengeful,1.5,45,24/03/2021,A
9780007183166,44,Democracy Needs Aristocracy,0.25,11,31/03/2021,A
9780552778008,51,Don't Sweat The Aubergine,0.25,12.75,31/03/2021,A
9780224092357,36,Federer & Me: A Story Of Obsession,0.25,9,31/03/2021,A
9780861661848,60,From Hell Companion,0.25,15,31/03/2021,A
9780091912406,30,Girl With A One Track Mind,0.25,7.5,31/03/2021,A
9780752455129,48,James Fitzjames - The Mystery Man Of The Franklin Expedition,0.25,12,31/03/2021,A
9781847390059,40,Life On Mars - The Official Companion,0.25,10,31/03/2021,A
9781907637575,36,Moz: My Story (Leeds/Warrington/Bradford),0.25,9,31/03/2021,A
9780099538035,96,Narcomania - How Britain Got Hooked On Drugs,0.25,24,31/03/2021,A
9781849548144,71,Pitch Black: The Story of Black British Footballers,0.25,17.75,31/03/2021,A
9781785312120,52,Real Roy Of The Rovers Stuff,0.25,13,31/03/2021,A
9780571251674,46,Red Tory,0.25,11.5,31/03/2021,A
9780571290321,48,Secrets Of The Conqueror,0.25,12,31/03/2021,A
9781785310119,74,Sex & Drugs & Rebel Tours: The England Cricket Team in the 80s,0.25,18.5,31/03/2021,A
9780571272198,120,TV Go Home,0.25,30,31/03/2021,A
9781847960368,48,Ugly: The Aesthetics of Everything,0.25,12,31/03/2021,A
9780753821480,25,Voyageur,0.25,6.25,31/03/2021,A
9781787132535,24,First Knits: 20 Irresistible Knits For Babies,3,72,01/04/2021,A
9781445676067,10,Historic England: Bath,3,30,01/04/2021,A
9781785902192,16,How To Be A Police Officer,2,32,01/04/2021,A
9780571290017,20,Madame Zero,1.5,30,01/04/2021,A
9781848585409,28,Street Art From Around The World,2,56,01/04/2021,A
9781785658631,25,Vengeful,1.5,37.5,01/04/2021,A
9781789500066,20,Battle Of The Bulge: Hitler's Final Gamble In Western Europe,2,40,14/04/2021,A
9781787132535,96,First Knits: 20 Irresistible Knits For Babies,3,288,14/04/2021,A
9781785901270,20,Provocations: The New Philistines,1.5,30,14/04/2021,A
9781842709016,60,Snow Queen,1.5,90,14/04/2021,A
9780571250592,22,Afterglow Of Creation,0.25,5.5,23/04/2021,A
9781781801031,28,Daily Love: Growing Into Grace,0.25,7,23/04/2021,A
9780224092357,18,Federer & Me: A Story Of Obsession,0.25,4.5,23/04/2021,A
9781847672933,224,"For Richer, For Poorer",0.25,56,23/04/2021,A
9781905156849,10,Henry Cecil: Trainer Of Genius,0.25,2.5,23/04/2021,A
9781906502157,20,Hornchurch Offensive,0.25,5,23/04/2021,A
9780752455129,74,James Fitzjames - The Mystery Man Of The Franklin Expedition,0.25,18.5,23/04/2021,A
9781849543750,10,Odd Couple: The Curious Friendship Between Kingsley Amis & Philip,0.25,2.5,23/04/2021,A
9781445638614,40,Oldham Athletic: A Pictorial History,0.25,10,23/04/2021,A
9780747565581,40,Pain: the Science & Culture of Why We Hurt,0.25,10,23/04/2021,A
9781785310799,10,Penalty King (Rangers),0.25,2.5,23/04/2021,A
9781848502406,10,Positive Drinking,0.25,2.5,23/04/2021,A
9780091941833,41,Princess Matilda Comes Home,0.25,10.25,23/04/2021,A
9780747596035,128,Red Azalea,0.25,32,23/04/2021,A
9780857331786,10,Rivals: Newcastle United Vs Sunderland (Classic Tyne & Wear Derby,0.25,25,23/04/2021,A
9781906850692,20,Rock'n'Roll Soccer: The Short Life & Fast Times of the N.American Soccer,0.25,20,23/04/2021,A
9781847941329,17,Second Curve: Thoughts On Reinventing Society,0.25,4.25,23/04/2021,A
9781785310119,16,Sex & Drugs & Rebel Tours: The England Cricket Team in the 80s,0.25,4,23/04/2021,A
9780752449845,10,Soldiers Of The Queen,0.25,2.5,23/04/2021,A
9781783521043,40,Ta-Ra-Ra Boom De-Ay: The Dodgy Business of Popular Music,0.25,10,23/04/2021,A
9781472901804,10,Team Handball 101,0.25,2.5,23/04/2021,A
9781847960368,12,Ugly: The Aesthetics of Everything,0.25,3,23/04/2021,A
9781849547130,163,Xavier: A British Secret Agent With The French Resistance,0.25,40.75,23/04/2021,A
9781787132535,67,First Knits: 20 Irresistible Knits For Babies,3,201,03/06/2021,A
9781842709481,111,Millie's Marvellous Hat,1.25,138.75,03/06/2021,A
9781848585409,28,Street Art From Around The World,2,56,03/06/2021,A
9781592539246,10,"20 Ways To Draw A Doodle & 44 other zigzag, twirls, spirals & teardrops",2,20,10/06/2021,A
9781845436025,9,Animal Knits For Kids,2.5,22.5,10/06/2021,A
9781405394338,5,Britain From Above Month By Month,2.5,12.5,10/06/2021,A
9781445661643,10,"Her Finest Hour: The Heroic Life of Diana Rowden, Wartime Secret Agent",3.5,35,10/06/2021,A
9780008193492,8,In The Darkroom,2.5,20,10/06/2021,A
9780752424125,3,Men Who Made Leyton Orient Football Club,2.5,7.5,10/06/2021,A
9780857687753,5,OFFER: Harry Potter: Page To Screen. EX-DISPLAY. NOT MINT. ,2.5,12.5,10/06/2021,A
9781782438120,12,Red Glory: Manchester United & Me,3,36,10/06/2021,A
9781781311479,10,Runner: A Short Story About A Long Run,1.5,15,10/06/2021,A
9781910254479,18,Upcycling: 20 Creative Projects Made from Reclaimed Materials,3,54,10/06/2021,A
9780230748088,6,End Of The Cold War 1985-1991,3,18,10/06/2021,A
9781909178700,20,"Grobar: Partizan Pleasure, Pain & Paranoia - Lifting the Lid on Serbia's Undertakers",1.5,30,10/06/2021,A
9781849499583,12,Ice Kitchen Poptails,2,24,10/06/2021,A
9781576878606,10,Jonathan Olivares: Selected Works,4,40,10/06/2021,A
9780091954239,24,"King John: Treachery, Tyranny & the Road to Magna Carta",3,72,10/06/2021,A
9780750967297,12,Kitchener Enigma,3.5,42,10/06/2021,A
9781785904882,40,Punch & Judy Politics: An Insiders' Guide to Prime Minister's Questions,1.5,60,10/06/2021,A
9780711033429,7,Tunnel Vision,1.5,10.5,10/06/2021,A
9781909399402,5,Weekly World News,1.5,7.5,10/06/2021,A
9781905326693,52,Glory Glory! Man Utd In The '90s: The Players' Stoires (Manchester United),2.5,130,18/06/2021,A
9781848585409,28,Street Art From Around The World,2,56,18/06/2021,A
9781908041326,29,Why Willows Weep: Contemporary Tales From The Woods,1.5,43.5,18/06/2021,A
9780091926960,10,3 Commando Brigade,0.25,2.5,18/06/2021,A
9780091778378,10,35MM Handbook,0.25,2.5,18/06/2021,A
9780745332031,10,Complacency & Collusion: A Critical Introduction to Business & Financial Journalism,0.25,2.5,18/06/2021,A
9780224098274,10,Dreamstreets: A Journey Through Britain's Village Utopias,0.25,2.5,18/06/2021,A
9780091953645,10,Ex-Communication,0.25,2.5,18/06/2021,A
9780224092357,20,Federer & Me: A Story Of Obsession,0.25,5,18/06/2021,A
9781909471580,20,Focused: My Life In Pictures,0.25,5,18/06/2021,A
9781847672933,112,"For Richer, For Poorer",0.25,28,18/06/2021,A
9780861661848,40,From Hell Companion,0.25,10,18/06/2021,A
9781909178441,10,Great English Final (Blackpool / Bolton Wanderers),0.25,2.5,18/06/2021,A
9781905156849,50,Henry Cecil: Trainer Of Genius,0.25,12.5,18/06/2021,A
9781906502157,40,Hornchurch Offensive,0.25,10,18/06/2021,A
9781847250179,16,Jew Suss,0.25,4,18/06/2021,A
9781847390059,49,Life On Mars - The Official Companion,0.25,12.25,18/06/2021,A
9781849544627,20,Meat Fix,0.25,5,18/06/2021,A
9781907637575,18,Moz: My Story (Leeds/Warrington/Bradford),0.25,4.5,18/06/2021,A
9780224100021,16,"Night Games: Sex, Power & A Journey Into The Dark Heart Of Sport",0.25,4,18/06/2021,A
9780593065778,20,No Expenses Spared,0.25,5,18/06/2021,A
9781840464184,20,Pendulum Years,0.25,5,18/06/2021,A
9781847771933,20,PLACE,0.25,5,18/06/2021,A
9780571196968,20,Planet Of The Blind,0.25,5,18/06/2021,A
9781848502406,72,Positive Drinking,0.25,18,18/06/2021,A
9781504800129,60,Professional Results: Soft Furnishings,0.25,15,18/06/2021,A
9780099513650,10,Pursuit,0.25,2.5,18/06/2021,A
9780747596035,40,Red Azalea,0.25,10,18/06/2021,A
9780857331786,40,Rivals: Newcastle United Vs Sunderland (Classic Tyne & Wear Derby Games),0.25,10,18/06/2021,A
9780224101684,10,Stairwell,0.25,2.5,18/06/2021,A
9781783521043,10,Ta-Ra-Ra Boom De-Ay: The Dodgy Business of Popular Music,0.25,2.5,18/06/2021,A
9780099440734,10,The Book of Colour,0.25,2.5,18/06/2021,A
9781909653146,20,Theory & Practice Of Gamesmanship,0.25,5,18/06/2021,A
9781787130982,80,Tiny Histories: Trivial Events & Trifling Decisions That Changed British History,0.25,20,18/06/2021,A
9780571234790,10,Trickster Travels,0.25,2.5,18/06/2021,A
9781847960368,12,Ugly: The Aesthetics of Everything,0.25,3,18/06/2021,A
9781907637094,86,We're The Famous Man Utd: Old Trafford In The 80s- The Players's Stories (Manchester),0.25,21.5,18/06/2021,A
9781849904322,24,Easy Cook Express,2,48,08/07/2021,A
9781847737526,37,Fun With Stitching,2,74,08/07/2021,A
9781910254479,36,Upcycling: 20 Creative Projects Made from Reclaimed Materials,3,108,08/07/2021,A
9780857331816,13,When Football Was Football: Southampton,2.5,32.5,08/07/2021,A
9781592539246,10,"20 Ways To Draw A Doodle & 44 other zigzag, twirls, spirals & teardrops",2,20,21/07/2021,A
9781910620274,9,Geis: A Game Without Rules,2,18,21/07/2021,A
9780091954239,35,"King John: Treachery, Tyranny & the Road to Magna Carta",3,105,21/07/2021,A
9781848585409,28,Street Art From Around The World,2,56,21/07/2021,A
9781785901270,20,Provocations: The New Philistines,1.5,30,23/07/2021,A
9781909399402,20,Weekly World News,1.5,30,23/07/2021,A
9780857836229,5,Diabetes weight loss cook,4.194,20.97,18/12/2020,B
9781910254578,5,Nostalgic delights,4.194,20.97,18/12/2020,B
9780857833150,5,Seriously good gluten free cooking,3.594,17.97,18/12/2020,B
9781473858848,5,Coal Mine disasters,3.594,17.97,18/12/2020,B
9780006550167,3,Georgiana Duchess of Devonshire,2.994,8.982,18/12/2020,B
9781782494126,5,Romantic English home,5.994,29.97,18/12/2020,B
9780857836229,2,Diabetes weight loss cook,4.194,8.388,31/12/2020,B
9781445657875,5,Birmingham's front line,2.394,11.97,31/12/2020,B
9781604695496,10,Aromatherapy garden,3.594,35.94,31/12/2020,B
9781784724368,5,Farrow and ball recipes for decorating,5.994,29.97,31/12/2020,B
9780749575830,20,50 Walks in lake District,3.594,71.88,17/01/2021,B
9781784724368,13,Farrow and Ball,5.994,77.922,17/01/2021,B
9780600633457,10,200 Pies and tarts,1.794,17.94,21/01/2021,B
9780451496560,10,Colour me jane,1.794,17.94,21/01/2021,B
9781782099697,10,Junior ency,3.594,35.94,21/01/2021,B
9781908489319,4,Little book wetland bird sounds,3.594,14.376,21/01/2021,B
9780241333358,4,Masterchef quick wins,2.394,9.576,21/01/2021,B
9781786170668,10,100 Facts Rainforests,1.794,17.94,21/01/2021,B
9781910254578,10,Nostalgic delights,4.194,41.94,01/02/2021,B
9780600633457,7,200 Pies and Tarts,1.794,12.558,01/02/2021,B
9780760361535,4,Art of BMW motorcycles,5.394,21.576,01/02/2021,B
9780062797759,3,Marine knots,2.994,8.982,01/02/2021,B
9780233005348,5,Tanks,5.994,29.97,01/02/2021,B
9780233005621,5,Treasures of British history,5.394,26.97,01/02/2021,B
9781783122530,10,I explore bugs,2.394,23.94,01/02/2021,B
9781408862667,3,Marmaduke dragon,1.794,5.382,01/02/2021,B
9780857385772,20,America's mistress Eartha Kitt,2.394,47.88,12/02/2021,B
9780349119526,20,Consider the Lobster,2.994,59.88,12/02/2021,B
9780349111117,20,Freedom in Exile Dalai Lama,2.994,59.88,12/02/2021,B
9781472127860,20,Heads up my life story,3.594,71.88,12/02/2021,B
9780349008943,20,Wind in my hair fight for freedom,2.994,59.88,12/02/2021,B
9780349418025,20,An easy death Gunnie Rose,2.394,47.88,12/02/2021,B
9781780331102,20,Death of a liar,1.794,35.88,12/02/2021,B
9780749954970,20,A Woman unknown,1.794,35.88,12/02/2021,B
9780263253443,20,Mind over matter,1.794,35.88,12/02/2021,B
9781788639682,20,New beginnings at Glendale hall,1.794,35.88,12/02/2021,B
9781849014991,20,Gently by the shore,1.794,35.88,12/02/2021,B
9781473858848,4,Coal Mine disasters,3.594,14.376,18/02/2021,B
9781782099697,6,Junior ency,3.594,21.564,18/02/2021,B
9781786170668,10,100 Facts Rainforest,1.794,17.94,18/02/2021,B
9781848102347,6,100 Facts Monkeys and apes,1.794,10.764,18/02/2021,B
9781848102316,10,100 Facts Endangered animals,1.794,17.94,18/02/2021,B
9781473858848,20,Coal Mine disasters,3.594,71.88,14/03/2021,B
9780349119526,50,Consider the lobster,2.994,149.7,14/03/2021,B
9781848990081,10,Family camping cook,1.794,17.94,14/03/2021,B
9781783122530,10,I explore bugs,2.394,23.94,14/03/2021,B
9780451496560,10,Colour me Jane,1.794,17.94,14/03/2021,B
9781409354673,3,Knowledge ency Dinosaurs,4.794,14.382,14/03/2021,B
9781906670481,5,RAF 100 cookbook,5.394,26.97,14/03/2021,B
9781444010855,7,Story of world war one,1.194,8.358,14/03/2021,B
9781592334414,10,Complete guide to Vegan food substitutions,2.994,29.94,24/03/2021,B
9781445482804,10,Beginners step by step cook,2.994,29.94,24/03/2021,B
9780711239753,10,Island gardens,5.994,59.94,24/03/2021,B
9780711239746,10,Urban rambles,3.594,35.94,24/03/2021,B
9781905959945,10,The Beatles I was There,3.594,35.94,24/03/2021,B
9781783122530,1,I explore bugs,2.394,2.394,24/03/2021,B
9780451496560,10,Colour me Jane,1.794,17.94,24/03/2021,B
9780349111117,25,Freedom in Exile Dalai Lama,2.994,74.85,09/04/2021,B
9781788639682,25,New Beginnings at glendale hall,1.794,44.85,09/04/2021,B
9780857385772,24,America's Mistress Eartha Kit,2.394,57.456,09/04/2021,B
9780451496560,8,Colour Me Jane,1.794,14.352,09/04/2021,B
9780857833150,2,Seriously good gluten free,3.594,7.188,09/04/2021,B
9780857621474,7,Complete watercolour,3.594,25.158,09/04/2021,B
9780349119526,25,Consider the Lobster,2.994,74.85,28/04/2021,B
9780749954970,25,A woman unknown,1.794,44.85,28/04/2021,B
9780711239746,3,Urban rambles,3.594,10.782,05/07/2021,B
9781906670481,5,RAF 100 cookbook,5.394,26.97,05/07/2021,B
9781445657875,5,Birmingham's front line,2.394,11.97,05/07/2021,B
9780857832573,5,Camping cookbook,2.394,11.97,05/07/2021,B
9780857830692,5,Chickens,3.594,17.97,05/07/2021,B
9781452125978,5,50 Ways to wear a scarf,2.394,11.97,05/07/2021,B
9781787132566,10,Crafted,2.994,29.94,05/07/2021,B
9780857836229,10,Diabetes weightloss cook,4.194,41.94,05/07/2021,B
9780857830692,15,Chickens,3.594,53.91,19/07/2021,B
9780857836229,15,Diabetes weight loss,4.194,62.91,19/07/2021,B
9780451496560,15,Colour me Jane,1.794,26.91,19/07/2021,B
9781633220881,10,ART OF PAINTING SEA LIFE IN WATERCOLOUR,2.495,24.95,22/03/2021,C
9781781311868,10,BREW BRITANNIA,1.995,19.95,22/03/2021,C
9781910851050,10,"CHICKEN THAT HATCHED A COW, THE",1.495,14.95,22/03/2021,C
9781471159244,10,"GAMEKEEPER, THE",2.495,24.95,22/03/2021,C
9780241248386,10,"LUNCHBOX BOOK, THE",2.495,24.95,22/03/2021,C
9781840924077,10,"PASTA MACHINE COOKBOOK,THE",2.495,24.95,22/03/2021,C
9781788700290,10,ROGER DALTREY:MY STORY,1.995,19.95,22/03/2021,C
9781788400275,10,SEX PISTOLS:THE BOLLOCK DIARIES,6.495,64.95,22/03/2021,C
9781909342804,10,SHED DECOR,3.995,39.95,22/03/2021,C
9781840116472,10,SOMETIMES,1.995,19.95,22/03/2021,C
9780760355435,10,ULT EX:MYTHOLOGICAL BEASTS,2.995,29.95,22/03/2021,C
9780451496560,30,COLOR ME JANE,1.995,59.85,19/05/2021,C
9781910851050,7,"CHICKEN THAT HATCHED A COW, THE",1.494,10.46,19/05/2021,C
9781633220881,10,ART OF PAINTING SEA LIFE IN WATERCOLOUR,2.495,24.95,19/05/2021,C
9781840924077,10,"PASTA MACHINE COOKBOOK,THE",2.495,24.95,19/05/2021,C
9780241248386,10,"LUNCHBOX BOOK, THE",2.495,24.95,19/05/2021,C
9781847809476,10,STICKER ART WOODLAND,1.495,14.95,19/05/2021,C
9781909342804,10,SHED DECOR,3.995,39.95,19/05/2021,C
9781911171423,15,UNDER THE CANOPY: TALES OF TREES,3.495,52.42,19/05/2021,C
9780241248386,30,"LUNCHBOX BOOK, THE",2.495,74.85,30/06/2021,C
9780451496560,30,COLOR ME JANE,1.995,59.85,30/06/2021,C
9781840116472,5,SOMETIMES,1.994,9.97,30/06/2021,C
9781788700290,5,ROGER DALTREY:MY STORY,1.994,9.97,30/06/2021,C
9781633220881,10,ART OF PAINTING SEA LIFE IN,2.495,24.95,30/06/2021,C
9781631061165,10,NEVER QUIT DRAWING,2.495,24.95,30/06/2021,C
9780008300098,5,From Russia with Blood : Putin'S Ruthless Killing Campaign and Secret War on the West,3.75,18.75,22/12/2020,D
9781471197772,5,Dandelion,4.87,24.35,22/12/2020,D
9781398502147,5,The Decameron Project : 29 New Stories from the Pandemic,6.37,31.85,22/12/2020,D
9781529064063,5,Uncomfortable Conversations with a Black Man,6.5,32.5,22/12/2020,D
9781783782314,5,The Godless Gospel : Was Jesus A Great Moral Teacher?,6.37,31.85,22/12/2020,D
9780192727138,2,The Fish Who Could Wish,4.54,9.08,03/02/2021,D
9780571307883,2,Kitchen Disco,4.54,9.08,03/02/2021,D
9780857074478,2,Supertato,4.54,9.08,03/02/2021,D
9781842706985,2,Who's in the Loo?,4.54,9.08,03/02/2021,D
9781846866203,2,Animal Boogie,5.19,10.38,03/02/2021,D
9781852847784,2,Cycling in the Lake District : Week-long tours and day rides,7.48,14.96,03/02/2021,D
9781786310316,2,"Walking the Lake District Fells - Wasdale : The Scafells, Great Gable, Pillar",7.48,14.96,03/02/2021,D
9781786310323,2,Walking the Lake District Fells - Langdale : The Langdale Pikes and Bowfell,7.48,14.96,03/02/2021,D
9781786310347,2,"Walking the Lake District Fells - Patterdale : Helvellyn, Fairfield and the East",7.48,14.96,03/02/2021,D
9781786310354,2,Walking the Lake District Fells - Mardale and the Far East : High Street and Kentmere,7.48,14.96,03/02/2021,D
9781786310361,2,"Walking the Lake District Fells - Buttermere : High Stile, Grasmoor, Grisedale Pike and Haystacks",7.48,14.96,03/02/2021,D
9781786310378,2,"Walking the Lake District Fells - Keswick : Skiddaw, Blencathra and the North",7.48,14.96,03/02/2021,D
9781852849016,2,Walking in Cumbria's Eden Valley : 30 walks between the Yorkshire Dales and the Solway salt marshes,6.48,12.96,03/02/2021,D
9781852849566,2,"Outdoor Adventures with Children - Lake District : 40 family days with under 12s exploring, biking, scrambling, on the water and more",6.48,12.96,03/02/2021,D